det_id,frame,unit,gt
0,0,0,olive_man
1,0,12,tank
2,0,16,black_print
3,0,28,black_khaki_man
4,0,33,AMBIG
5,0,40,OTHER
6,0,42,OTHER
8,1,0,olive_man
9,1,12,tank
10,1,16,black_print
11,1,28,black_khaki_man
12,1,33,AMBIG
13,1,42,OTHER
14,1,40,OTHER
17,2,0,olive_man
18,2,12,tank
19,2,28,black_khaki_man
20,2,16,black_print
21,2,33,AMBIG
22,2,42,OTHER
23,2,40,OTHER
25,3,12,tank
26,3,28,black_khaki_man
27,3,0,olive_man
28,3,16,black_print
29,3,33,AMBIG
30,3,42,OTHER
31,3,40,OTHER
33,4,12,tank
34,4,0,olive_man
35,4,28,black_khaki_man
36,4,16,black_print
37,4,33,AMBIG
38,4,42,OTHER
39,4,40,OTHER
40,5,12,tank
41,5,28,black_khaki_man
42,5,0,olive_man
43,5,16,black_print
44,5,33,AMBIG
45,5,42,OTHER
46,5,40,OTHER
47,6,12,tank
48,6,28,black_khaki_man
49,6,16,black_print
50,6,0,olive_man
51,6,33,AMBIG
52,6,42,OTHER
54,6,40,OTHER
55,7,28,black_khaki_man
56,7,12,tank
57,7,0,olive_man
58,7,16,black_print
59,7,33,AMBIG
60,7,42,OTHER
62,7,40,OTHER
63,8,28,black_khaki_man
64,8,12,tank
65,8,0,olive_man
66,8,16,black_print
67,8,33,AMBIG
68,8,42,OTHER
69,8,40,OTHER
70,9,28,black_khaki_man
71,9,0,olive_man
72,9,12,tank
73,9,16,black_print
74,9,33,AMBIG
75,9,42,OTHER
76,9,40,OTHER
77,10,28,black_khaki_man
78,10,0,olive_man
79,10,12,tank
80,10,16,black_print
81,10,33,AMBIG
82,10,42,OTHER
83,11,28,black_khaki_man
84,11,0,olive_man
85,11,12,tank
86,11,16,black_print
87,11,33,AMBIG
88,11,42,OTHER
89,12,28,black_khaki_man
90,12,0,olive_man
91,12,12,tank
92,12,16,black_print
93,12,33,AMBIG
94,12,42,OTHER
95,13,28,black_khaki_man
96,13,0,olive_man
97,13,12,tank
98,13,16,black_print
99,13,33,AMBIG
100,13,42,OTHER
101,14,28,black_khaki_man
102,14,0,olive_man
103,14,12,tank
104,14,16,black_print
105,14,33,AMBIG
106,14,42,OTHER
107,15,28,black_khaki_man
108,15,0,olive_man
109,15,12,tank
110,15,16,black_print
111,15,33,AMBIG
112,15,42,OTHER
113,16,28,black_khaki_man
114,16,0,olive_man
115,16,12,tank
116,16,17,black_print
117,16,33,AMBIG
118,16,42,OTHER
120,17,28,black_khaki_man
121,17,0,olive_man
122,17,12,tank
123,17,17,black_print
124,17,33,AMBIG
125,17,42,OTHER
127,18,28,black_khaki_man
128,18,0,olive_man
129,18,12,tank
130,18,17,black_print
131,18,33,AMBIG
132,18,42,OTHER
135,19,28,black_khaki_man
136,19,0,olive_man
137,19,12,tank
138,19,17,black_print
139,19,33,AMBIG
140,19,42,OTHER
143,20,28,black_khaki_man
144,20,0,olive_man
145,20,12,tank
146,20,17,black_print
147,20,33,AMBIG
148,20,42,OTHER
150,21,28,black_khaki_man
151,21,0,olive_man
152,21,12,tank
153,21,17,black_print
154,21,33,AMBIG
155,21,42,OTHER
157,22,28,black_khaki_man
158,22,0,olive_man
159,22,12,tank
160,22,17,black_print
161,22,33,AMBIG
162,22,42,OTHER
165,23,28,black_khaki_man
166,23,0,olive_man
167,23,12,tank
168,23,17,black_print
169,23,33,AMBIG
170,23,42,OTHER
171,23,41,OTHER
174,24,28,black_khaki_man
175,24,0,olive_man
176,24,12,tank
177,24,17,black_print
178,24,33,AMBIG
179,24,42,OTHER
180,24,41,OTHER
184,25,28,black_khaki_man
185,25,0,olive_man
186,25,12,tank
187,25,18,black_print
188,25,33,AMBIG
189,25,41,OTHER
190,25,42,OTHER
192,26,28,black_khaki_man
193,26,0,olive_man
194,26,12,tank
195,26,18,black_print
196,26,33,AMBIG
197,26,41,OTHER
198,26,42,OTHER
200,27,28,black_khaki_man
201,27,0,olive_man
202,27,12,tank
203,27,18,black_print
204,27,33,AMBIG
205,27,42,OTHER
206,27,41,OTHER
209,28,28,black_khaki_man
210,28,0,olive_man
211,28,12,tank
212,28,18,black_print
213,28,33,AMBIG
214,28,42,OTHER
215,28,41,OTHER
217,29,0,olive_man
218,29,12,tank
219,29,28,black_khaki_man
220,29,68,rtn_kid
221,29,19,black_print
222,29,33,AMBIG
223,29,41,OTHER
224,29,42,OTHER
227,30,0,olive_man
228,30,12,tank
229,30,28,black_khaki_man
230,30,68,rtn_kid
231,30,19,black_print
232,30,33,AMBIG
233,30,41,OTHER
234,30,42,OTHER
237,31,0,olive_man
238,31,68,rtn_kid
239,31,12,tank
240,31,28,black_khaki_man
241,31,19,black_print
242,31,33,AMBIG
243,31,42,OTHER
244,31,41,OTHER
246,32,0,olive_man
247,32,68,rtn_kid
248,32,12,tank
249,32,28,black_khaki_man
250,32,19,black_print
251,32,33,AMBIG
252,32,42,OTHER
253,32,41,OTHER
255,33,68,rtn_kid
256,33,0,olive_man
257,33,12,tank
258,33,28,black_khaki_man
259,33,20,black_print
260,33,42,OTHER
261,33,33,AMBIG
262,33,41,OTHER
263,34,0,olive_man
264,34,28,black_khaki_man
265,34,12,tank
266,34,68,rtn_kid
267,34,20,black_print
268,34,42,OTHER
269,34,33,AMBIG
270,34,41,OTHER
271,35,0,olive_man
272,35,28,black_khaki_man
273,35,12,tank
274,35,68,rtn_kid
275,35,20,black_print
276,35,42,OTHER
277,35,41,OTHER
278,35,33,AMBIG
279,36,0,olive_man
280,36,28,black_khaki_man
281,36,12,tank
282,36,20,black_print
283,36,68,rtn_kid
284,36,42,OTHER
285,36,33,AMBIG
286,36,41,OTHER
287,37,0,olive_man
288,37,28,black_khaki_man
289,37,12,tank
290,37,68,rtn_kid
291,37,20,black_print
292,37,33,AMBIG
293,37,42,OTHER
294,37,41,OTHER
295,38,68,rtn_kid
296,38,0,olive_man
297,38,12,tank
298,38,28,black_khaki_man
299,38,20,black_print
300,38,33,AMBIG
301,38,42,OTHER
302,38,41,OTHER
303,39,68,rtn_kid
304,39,0,olive_man
305,39,12,tank
306,39,28,black_khaki_man
307,39,20,black_print
308,39,33,AMBIG
309,39,41,OTHER
310,39,42,OTHER
311,40,68,rtn_kid
312,40,12,tank
313,40,28,black_khaki_man
314,40,0,olive_man
315,40,20,black_print
316,40,33,AMBIG
317,40,41,OTHER
318,40,42,OTHER
319,41,68,rtn_kid
320,41,12,tank
321,41,28,black_khaki_man
322,41,0,olive_man
323,41,20,black_print
324,41,33,AMBIG
325,41,42,OTHER
326,41,41,OTHER
327,42,68,rtn_kid
328,42,12,tank
329,42,28,black_khaki_man
330,42,0,olive_man
331,42,20,black_print
332,42,33,AMBIG
333,42,42,OTHER
334,42,41,OTHER
335,43,68,rtn_kid
336,43,12,tank
337,43,28,black_khaki_man
338,43,0,olive_man
339,43,20,black_print
340,43,34,navy_man
341,43,42,OTHER
342,43,41,OTHER
343,44,68,rtn_kid
344,44,12,tank
345,44,28,black_khaki_man
346,44,0,olive_man
347,44,20,black_print
348,44,34,navy_man
349,44,42,OTHER
350,44,41,OTHER
351,45,68,rtn_kid
352,45,13,tank
353,45,29,black_khaki_man
354,45,1,olive_man
355,45,20,black_print
356,45,34,navy_man
357,45,41,OTHER
358,45,43,OTHER
359,46,68,rtn_kid
360,46,13,tank
361,46,29,black_khaki_man
362,46,1,olive_man
363,46,20,black_print
364,46,34,navy_man
365,46,41,OTHER
366,46,43,OTHER
367,47,68,rtn_kid
368,47,13,tank
369,47,29,black_khaki_man
370,47,1,olive_man
371,47,20,black_print
372,47,34,navy_man
373,47,41,OTHER
374,47,43,OTHER
375,48,68,rtn_kid
376,48,13,tank
377,48,29,black_khaki_man
378,48,1,olive_man
379,48,20,black_print
381,48,41,OTHER
382,48,43,OTHER
383,49,68,rtn_kid
384,49,13,tank
385,49,29,black_khaki_man
386,49,1,olive_man
387,49,20,black_print
388,49,36,navy_man
389,49,41,OTHER
390,49,43,OTHER
391,50,68,rtn_kid
392,50,13,tank
393,50,29,black_khaki_man
394,50,1,olive_man
395,50,20,black_print
396,50,36,navy_man
397,50,41,OTHER
398,50,43,OTHER
400,51,68,rtn_kid
401,51,13,tank
402,51,29,black_khaki_man
403,51,1,olive_man
404,51,36,navy_man
405,51,20,black_print
406,51,41,OTHER
407,51,43,OTHER
409,52,68,rtn_kid
410,52,13,tank
411,52,29,black_khaki_man
412,52,1,olive_man
413,52,20,black_print
414,52,36,navy_man
415,52,43,OTHER
416,52,41,OTHER
418,53,68,rtn_kid
419,53,13,tank
420,53,29,black_khaki_man
421,53,36,navy_man
422,53,1,olive_man
423,53,20,black_print
424,53,43,OTHER
426,53,41,OTHER
427,54,68,rtn_kid
428,54,13,tank
429,54,29,black_khaki_man
430,54,1,olive_man
431,54,36,navy_man
432,54,20,black_print
433,54,43,OTHER
435,54,41,OTHER
436,55,68,rtn_kid
437,55,13,tank
438,55,29,black_khaki_man
439,55,1,olive_man
440,55,20,black_print
441,55,36,navy_man
442,55,43,OTHER
444,55,41,OTHER
445,56,68,rtn_kid
446,56,13,tank
447,56,29,black_khaki_man
448,56,1,olive_man
449,56,36,navy_man
450,56,20,black_print
451,56,43,OTHER
453,56,41,OTHER
454,57,68,rtn_kid
455,57,13,tank
456,57,1,olive_man
457,57,29,black_khaki_man
458,57,36,navy_man
459,57,20,black_print
460,57,43,OTHER
462,57,41,OTHER
463,58,68,rtn_kid
464,58,13,tank
465,58,29,black_khaki_man
466,58,1,olive_man
467,58,20,black_print
468,58,36,navy_man
469,58,43,OTHER
470,58,77,red_shorts
471,58,41,OTHER
472,59,68,rtn_kid
473,59,13,tank
474,59,20,black_print
475,59,1,olive_man
476,59,29,black_khaki_man
477,59,36,navy_man
478,59,77,red_shorts
479,59,43,OTHER
480,59,41,OTHER
481,60,68,rtn_kid
482,60,13,tank
483,60,1,olive_man
484,60,29,black_khaki_man
485,60,20,black_print
486,60,36,navy_man
487,60,77,red_shorts
488,60,43,OTHER
489,60,41,OTHER
490,61,68,rtn_kid
491,61,13,tank
492,61,1,olive_man
493,61,29,black_khaki_man
494,61,36,navy_man
495,61,20,black_print
496,61,77,red_shorts
497,61,43,OTHER
498,62,68,rtn_kid
499,62,13,tank
500,62,36,navy_man
501,62,1,olive_man
502,62,20,black_print
503,62,29,black_khaki_man
504,62,43,OTHER
505,62,77,red_shorts
506,62,41,OTHER
507,63,68,rtn_kid
508,63,13,tank
509,63,36,navy_man
510,63,20,black_print
511,63,1,olive_man
512,63,29,black_khaki_man
513,63,43,OTHER
514,63,77,red_shorts
515,63,41,OTHER
516,64,68,rtn_kid
517,64,13,tank
518,64,36,navy_man
519,64,1,olive_man
520,64,20,black_print
521,64,29,black_khaki_man
522,64,43,OTHER
523,64,77,red_shorts
524,64,41,OTHER
525,65,68,rtn_kid
526,65,13,tank
527,65,36,navy_man
528,65,1,olive_man
529,65,20,black_print
530,65,29,black_khaki_man
531,65,77,red_shorts
532,65,41,OTHER
533,65,43,OTHER
534,66,68,rtn_kid
535,66,13,tank
536,66,36,navy_man
537,66,1,olive_man
538,66,20,black_print
539,66,29,black_khaki_man
540,66,77,red_shorts
542,66,41,OTHER
543,67,68,rtn_kid
544,67,13,tank
545,67,36,navy_man
546,67,1,olive_man
547,67,29,black_khaki_man
548,67,20,black_print
549,67,77,red_shorts
550,67,43,OTHER
551,68,68,rtn_kid
552,68,13,tank
553,68,36,navy_man
554,68,1,olive_man
555,68,20,black_print
556,68,29,black_khaki_man
557,68,77,red_shorts
558,68,43,OTHER
559,69,68,rtn_kid
560,69,13,tank
561,69,36,navy_man
562,69,20,black_print
563,69,1,olive_man
564,69,29,black_khaki_man
565,69,77,red_shorts
566,69,43,OTHER
567,70,68,rtn_kid
568,70,13,tank
569,70,36,navy_man
570,70,20,black_print
571,70,1,olive_man
572,70,29,black_khaki_man
573,70,77,red_shorts
574,71,68,rtn_kid
575,71,13,tank
576,71,36,navy_man
577,71,20,black_print
578,71,1,olive_man
579,71,29,black_khaki_man
580,71,77,red_shorts
581,72,68,rtn_kid
582,72,13,tank
583,72,36,navy_man
584,72,1,olive_man
585,72,29,black_khaki_man
586,72,20,black_print
587,72,77,red_shorts
588,73,68,rtn_kid
589,73,13,tank
590,73,36,navy_man
591,73,1,olive_man
592,73,20,black_print
593,73,29,black_khaki_man
594,73,77,red_shorts
595,74,69,rtn_kid
596,74,13,tank
597,74,36,navy_man
598,74,1,olive_man
599,74,20,black_print
600,74,29,black_khaki_man
601,74,77,red_shorts
602,75,69,rtn_kid
603,75,13,tank
604,75,36,navy_man
605,75,20,black_print
606,75,1,olive_man
607,75,29,black_khaki_man
608,75,77,red_shorts
609,76,69,rtn_kid
610,76,13,tank
611,76,36,navy_man
612,76,1,olive_man
613,76,20,black_print
614,76,29,black_khaki_man
615,76,77,red_shorts
616,77,69,rtn_kid
617,77,13,tank
618,77,36,navy_man
619,77,20,black_print
620,77,1,olive_man
621,77,77,red_shorts
622,77,29,black_khaki_man
623,78,69,rtn_kid
624,78,13,tank
625,78,21,black_print
626,78,1,olive_man
627,78,36,navy_man
628,78,77,red_shorts
629,78,29,black_khaki_man
630,79,69,rtn_kid
631,79,13,tank
632,79,36,navy_man
633,79,21,black_print
634,79,1,olive_man
635,79,29,black_khaki_man
636,79,77,red_shorts
637,80,69,rtn_kid
638,80,13,tank
639,80,36,navy_man
640,80,1,olive_man
641,80,21,black_print
642,80,29,black_khaki_man
643,80,77,red_shorts
644,80,44,OTHER
645,81,69,rtn_kid
646,81,13,tank
647,81,36,navy_man
648,81,1,olive_man
649,81,21,black_print
650,81,29,black_khaki_man
651,81,77,red_shorts
652,81,44,OTHER
653,82,69,rtn_kid
654,82,13,tank
655,82,21,black_print
656,82,36,navy_man
657,82,1,olive_man
658,82,29,black_khaki_man
659,82,44,OTHER
660,82,77,red_shorts
661,83,69,rtn_kid
662,83,13,tank
663,83,21,black_print
664,83,36,navy_man
665,83,29,black_khaki_man
666,83,1,olive_man
667,83,44,OTHER
668,83,77,red_shorts
669,84,69,rtn_kid
670,84,13,tank
671,84,21,black_print
672,84,36,navy_man
673,84,29,black_khaki_man
674,84,1,olive_man
675,84,44,OTHER
676,84,77,red_shorts
677,85,69,rtn_kid
678,85,13,tank
679,85,21,black_print
680,85,29,black_khaki_man
681,85,36,navy_man
682,85,1,olive_man
683,85,44,OTHER
684,85,78,red_shorts
685,86,69,rtn_kid
686,86,13,tank
687,86,21,black_print
688,86,29,black_khaki_man
689,86,36,navy_man
690,86,44,OTHER
691,86,1,olive_man
692,86,78,red_shorts
693,87,69,rtn_kid
694,87,13,tank
695,87,29,black_khaki_man
696,87,21,black_print
697,87,36,navy_man
698,87,1,olive_man
699,87,44,OTHER
700,87,78,red_shorts
701,88,69,rtn_kid
702,88,13,tank
703,88,29,black_khaki_man
704,88,21,black_print
705,88,36,navy_man
706,88,1,olive_man
707,88,44,OTHER
708,88,78,red_shorts
709,89,69,rtn_kid
710,89,13,tank
711,89,29,black_khaki_man
712,89,21,black_print
713,89,36,navy_man
714,89,1,olive_man
715,89,44,OTHER
716,89,78,red_shorts
717,90,70,rtn_kid
718,90,30,black_khaki_man
719,90,21,black_print
720,90,14,tank
721,90,36,navy_man
722,90,2,AMBIG
723,90,44,OTHER
724,90,78,red_shorts
725,91,70,rtn_kid
726,91,30,black_khaki_man
727,91,14,tank
728,91,21,black_print
729,91,36,navy_man
730,91,2,AMBIG
731,91,78,red_shorts
732,91,44,OTHER
733,92,70,rtn_kid
734,92,30,black_khaki_man
735,92,14,tank
736,92,36,navy_man
737,92,21,black_print
738,92,2,AMBIG
739,92,78,red_shorts
740,92,44,OTHER
741,93,70,rtn_kid
742,93,30,black_khaki_man
743,93,36,navy_man
744,93,21,black_print
745,93,14,tank
746,93,2,AMBIG
747,93,78,red_shorts
748,93,44,OTHER
749,94,70,rtn_kid
750,94,37,navy_man
751,94,30,black_khaki_man
752,94,21,black_print
753,94,2,AMBIG
754,94,78,red_shorts
755,94,44,OTHER
756,94,14,tank
757,95,71,rtn_kid
758,95,37,navy_man
759,95,30,black_khaki_man
760,95,21,black_print
761,95,78,red_shorts
762,95,2,AMBIG
763,95,44,OTHER
765,96,71,rtn_kid
766,96,30,black_khaki_man
767,96,37,navy_man
768,96,21,black_print
769,96,78,red_shorts
770,96,2,AMBIG
771,96,44,OTHER
772,97,71,rtn_kid
773,97,30,black_khaki_man
774,97,37,navy_man
775,97,78,red_shorts
776,97,21,black_print
777,97,2,AMBIG
778,97,44,OTHER
779,98,71,rtn_kid
780,98,30,black_khaki_man
781,98,78,red_shorts
782,98,37,navy_man
783,98,2,AMBIG
784,98,44,OTHER
788,99,71,rtn_kid
789,99,30,black_khaki_man
790,99,78,red_shorts
791,99,37,navy_man
792,99,2,AMBIG
793,99,44,OTHER
795,100,71,rtn_kid
796,100,30,black_khaki_man
797,100,78,red_shorts
798,100,37,navy_man
799,100,2,AMBIG
800,100,44,OTHER
802,101,72,rtn_kid
803,101,30,black_khaki_man
804,101,78,red_shorts
805,101,37,navy_man
806,101,44,OTHER
807,101,2,AMBIG
810,102,72,rtn_kid
811,102,30,black_khaki_man
812,102,78,red_shorts
813,102,37,navy_man
814,102,44,OTHER
815,102,2,AMBIG
818,103,72,rtn_kid
819,103,30,black_khaki_man
820,103,37,navy_man
821,103,78,red_shorts
822,103,44,OTHER
823,103,79,tank
824,103,2,AMBIG
826,104,72,rtn_kid
827,104,37,navy_man
828,104,30,black_khaki_man
829,104,78,red_shorts
830,104,44,OTHER
831,104,79,tank
832,104,83,OTHER
833,104,2,AMBIG
834,105,72,rtn_kid
835,105,37,navy_man
836,105,30,black_khaki_man
837,105,78,red_shorts
838,105,83,OTHER
839,105,44,OTHER
840,105,79,tank
841,105,2,AMBIG
842,106,72,rtn_kid
843,106,37,navy_man
844,106,30,black_khaki_man
845,106,78,red_shorts
846,106,79,tank
847,106,44,OTHER
848,106,83,OTHER
849,107,72,rtn_kid
851,107,79,tank
852,107,78,red_shorts
854,107,44,OTHER
855,107,83,OTHER
856,108,72,rtn_kid
858,108,78,red_shorts
859,108,79,tank
860,108,44,OTHER
862,108,83,OTHER
863,109,72,rtn_kid
864,109,79,tank
865,109,39,navy_man
866,109,78,red_shorts
867,109,44,OTHER
868,109,83,OTHER
871,110,72,rtn_kid
872,110,80,tank
873,110,39,navy_man
874,110,78,red_shorts
875,110,83,OTHER
876,110,44,OTHER
879,111,72,rtn_kid
880,111,80,tank
881,111,39,navy_man
882,111,78,red_shorts
883,111,44,OTHER
884,111,83,OTHER
887,112,72,rtn_kid
888,112,80,tank
889,112,39,navy_man
890,112,78,red_shorts
891,112,44,OTHER
892,112,83,OTHER
893,113,72,rtn_kid
894,113,80,tank
895,113,39,navy_man
896,113,78,red_shorts
897,113,44,OTHER
898,113,83,OTHER
899,113,23,black_print
900,114,72,rtn_kid
901,114,80,tank
902,114,23,black_print
903,114,78,red_shorts
904,114,39,navy_man
905,114,44,OTHER
906,114,83,OTHER
907,115,72,rtn_kid
908,115,80,tank
909,115,23,black_print
910,115,78,red_shorts
911,115,44,OTHER
912,115,39,navy_man
913,115,83,OTHER
914,116,72,rtn_kid
915,116,80,tank
916,116,23,black_print
917,116,78,red_shorts
918,116,44,OTHER
919,116,39,navy_man
920,116,83,OTHER
921,117,73,rtn_kid
922,117,80,tank
923,117,78,red_shorts
924,117,23,black_print
925,117,44,OTHER
926,117,83,OTHER
927,118,73,rtn_kid
928,118,80,tank
929,118,78,red_shorts
930,118,23,black_print
931,118,44,OTHER
932,118,83,OTHER
933,119,73,rtn_kid
934,119,80,tank
935,119,23,black_print
936,119,78,red_shorts
937,119,44,OTHER
938,119,83,OTHER
939,120,80,tank
940,120,73,rtn_kid
941,120,23,black_print
942,120,44,OTHER
943,120,78,red_shorts
944,120,83,OTHER
945,121,80,tank
946,121,73,rtn_kid
947,121,23,black_print
948,121,44,OTHER
949,121,78,red_shorts
950,121,83,OTHER
951,122,73,rtn_kid
952,122,80,tank
953,122,23,black_print
954,122,44,OTHER
955,122,78,red_shorts
956,122,83,OTHER
958,123,73,rtn_kid
959,123,80,tank
960,123,23,black_print
961,123,44,OTHER
963,123,83,OTHER
964,123,78,red_shorts
966,124,73,rtn_kid
967,124,80,tank
968,124,23,black_print
969,124,44,OTHER
971,124,83,OTHER
972,125,74,rtn_kid
973,125,80,tank
974,125,23,black_print
975,125,45,OTHER
976,125,3,navy_man
977,125,90,AMBIG
978,125,83,OTHER
979,126,74,rtn_kid
980,126,80,tank
981,126,23,black_print
982,126,3,navy_man
983,126,45,OTHER
984,126,83,OTHER
985,126,90,AMBIG
986,127,74,rtn_kid
987,127,80,tank
988,127,23,black_print
989,127,3,navy_man
990,127,45,OTHER
991,127,90,AMBIG
992,127,83,OTHER
993,128,80,tank
994,128,74,rtn_kid
995,128,23,black_print
996,128,3,navy_man
997,128,45,OTHER
998,128,90,AMBIG
999,128,83,OTHER
1000,129,74,rtn_kid
1001,129,80,tank
1002,129,23,black_print
1003,129,3,navy_man
1004,129,45,OTHER
1005,129,90,AMBIG
1006,129,83,OTHER
1007,130,74,rtn_kid
1008,130,80,tank
1009,130,23,black_print
1010,130,3,navy_man
1011,130,45,OTHER
1012,130,90,AMBIG
1013,130,83,OTHER
1014,131,80,tank
1015,131,74,rtn_kid
1016,131,23,black_print
1017,131,3,navy_man
1018,131,45,OTHER
1019,131,90,AMBIG
1020,131,83,OTHER
1021,132,80,tank
1022,132,23,black_print
1023,132,3,navy_man
1024,132,74,rtn_kid
1025,132,45,OTHER
1026,132,90,AMBIG
1027,132,83,OTHER
1029,133,80,tank
1030,133,74,rtn_kid
1031,133,3,navy_man
1032,133,23,black_print
1033,133,45,OTHER
1034,133,90,AMBIG
1035,133,83,OTHER
1037,134,80,tank
1038,134,3,navy_man
1039,134,75,rtn_kid
1040,134,23,black_print
1041,134,45,OTHER
1042,134,90,AMBIG
1043,134,83,OTHER
1044,135,80,tank
1045,135,3,navy_man
1046,135,23,black_print
1047,135,45,OTHER
1048,135,75,rtn_kid
1049,135,90,AMBIG
1050,135,83,OTHER
1051,136,80,tank
1052,136,3,navy_man
1053,136,23,black_print
1054,136,45,OTHER
1055,136,75,rtn_kid
1056,136,90,AMBIG
1057,136,83,OTHER
1058,137,80,tank
1059,137,3,navy_man
1060,137,23,black_print
1061,137,75,rtn_kid
1062,137,45,OTHER
1063,137,90,AMBIG
1064,138,80,tank
1065,138,3,navy_man
1066,138,23,black_print
1067,138,45,OTHER
1069,138,90,AMBIG
1071,139,80,tank
1072,139,3,navy_man
1073,139,23,black_print
1074,139,45,OTHER
1077,139,90,AMBIG
1078,140,80,tank
1079,140,3,navy_man
1080,140,23,black_print
1081,140,45,OTHER
1082,140,92,red_shorts
1083,140,90,AMBIG
1084,141,80,tank
1085,141,3,navy_man
1086,141,23,black_print
1087,141,45,OTHER
1088,141,92,red_shorts
1089,141,90,AMBIG
1090,142,80,tank
1091,142,3,navy_man
1092,142,23,black_print
1093,142,45,OTHER
1094,142,92,red_shorts
1095,142,90,AMBIG
1096,143,80,tank
1097,143,3,navy_man
1098,143,23,black_print
1099,143,45,OTHER
1100,143,92,red_shorts
1101,143,90,AMBIG
1102,144,80,tank
1103,144,3,navy_man
1104,144,23,black_print
1105,144,45,OTHER
1106,144,92,red_shorts
1107,144,90,AMBIG
1108,145,80,tank
1109,145,23,black_print
1110,145,3,navy_man
1111,145,45,OTHER
1112,145,92,red_shorts
1114,145,90,AMBIG
1115,146,80,tank
1116,146,23,black_print
1117,146,3,navy_man
1118,146,45,OTHER
1119,146,92,red_shorts
1120,146,90,AMBIG
1122,147,80,tank
1123,147,23,black_print
1124,147,3,navy_man
1125,147,45,OTHER
1126,147,92,red_shorts
1128,147,90,AMBIG
1129,148,80,tank
1130,148,23,black_print
1131,148,45,OTHER
1132,148,3,navy_man
1133,148,92,red_shorts
1134,148,90,AMBIG
1135,148,84,OTHER
1137,149,80,tank
1138,149,3,navy_man
1139,149,23,black_print
1140,149,45,OTHER
1141,149,92,red_shorts
1142,149,84,OTHER
1144,150,80,tank
1145,150,23,black_print
1146,150,3,navy_man
1147,150,45,OTHER
1148,150,92,red_shorts
1149,150,84,OTHER
1151,151,80,tank
1152,151,3,navy_man
1153,151,23,black_print
1154,151,45,OTHER
1155,151,92,red_shorts
1156,151,84,OTHER
1157,151,90,AMBIG
1158,152,80,tank
1159,152,4,navy_man
1160,152,23,black_print
1161,152,45,OTHER
1162,152,92,red_shorts
1163,152,84,OTHER
1164,153,80,tank
1165,153,4,navy_man
1166,153,23,black_print
1167,153,45,OTHER
1168,153,92,red_shorts
1169,153,84,OTHER
1170,154,80,tank
1171,154,23,black_print
1172,154,4,navy_man
1173,154,45,OTHER
1174,154,92,red_shorts
1175,154,84,OTHER
1176,155,81,tank
1177,155,4,navy_man
1178,155,23,black_print
1179,155,45,OTHER
1180,155,92,red_shorts
1181,155,84,OTHER
1182,156,81,tank
1183,156,4,navy_man
1184,156,23,black_print
1185,156,92,red_shorts
1186,156,45,OTHER
1187,157,81,tank
1188,157,4,navy_man
1189,157,23,black_print
1190,157,92,red_shorts
1191,157,45,OTHER
1192,157,84,OTHER
1193,158,81,tank
1194,158,4,navy_man
1195,158,24,black_print
1196,158,92,red_shorts
1197,158,45,OTHER
1198,159,81,tank
1199,159,24,black_print
1200,159,92,red_shorts
1201,159,4,navy_man
1202,159,45,OTHER
1203,160,81,tank
1204,160,92,red_shorts
1205,160,24,black_print
1206,160,5,navy_man
1207,160,45,OTHER
1209,160,84,OTHER
1210,161,81,tank
1211,161,92,red_shorts
1212,161,5,navy_man
1213,161,24,black_print
1214,161,45,OTHER
1216,161,84,OTHER
1217,162,81,tank
1218,162,92,red_shorts
1219,162,24,black_print
1220,162,5,navy_man
1221,162,45,OTHER
1223,162,84,OTHER
1224,163,81,tank
1225,163,92,red_shorts
1226,163,24,black_print
1227,163,5,navy_man
1228,163,45,OTHER
1230,163,84,OTHER
1232,164,81,tank
1233,164,24,black_print
1234,164,92,red_shorts
1235,164,5,navy_man
1236,164,45,OTHER
1237,164,84,OTHER
1239,165,81,tank
1240,165,24,black_print
1241,165,92,red_shorts
1242,165,5,navy_man
1243,165,45,OTHER
1244,165,84,OTHER
1246,166,81,tank
1247,166,24,black_print
1248,166,5,navy_man
1249,166,92,red_shorts
1250,166,45,OTHER
1252,167,81,tank
1253,167,24,black_print
1255,167,45,OTHER
1256,167,92,red_shorts
1257,168,81,tank
1259,168,24,black_print
1260,168,45,OTHER
1261,168,92,red_shorts
1262,169,81,tank
1263,169,24,black_print
1265,169,45,OTHER
1266,169,92,red_shorts
1268,170,81,tank
1269,170,24,black_print
1271,170,92,red_shorts
1272,170,46,OTHER
1275,171,81,tank
1276,171,24,black_print
1278,171,46,OTHER
1279,171,92,red_shorts
1282,172,81,tank
1283,172,24,black_print
1284,172,8,navy_man
1285,172,46,OTHER
1286,172,92,red_shorts
1288,173,81,tank
1289,173,24,black_print
1290,173,8,navy_man
1291,173,46,OTHER
1293,173,92,red_shorts
1294,174,81,tank
1295,174,8,navy_man
1296,174,24,black_print
1297,174,92,red_shorts
1298,174,46,OTHER
1300,175,81,tank
1301,175,8,navy_man
1302,175,24,black_print
1303,175,46,OTHER
1304,175,92,red_shorts
1306,176,81,tank
1307,176,8,navy_man
1308,176,24,black_print
1309,176,46,OTHER
1313,177,81,tank
1314,177,8,navy_man
1315,177,24,black_print
1316,177,46,OTHER
1319,178,81,tank
1320,178,24,black_print
1321,178,8,navy_man
1322,178,98,AMBIG
1323,178,46,OTHER
1324,179,81,tank
1325,179,24,black_print
1326,179,9,navy_man
1327,179,98,AMBIG
1328,179,46,OTHER
1330,180,81,tank
1331,180,98,AMBIG
1332,180,24,black_print
1333,180,9,navy_man
1334,180,46,OTHER
1336,180,85,OTHER
1337,181,81,tank
1338,181,98,AMBIG
1339,181,24,black_print
1340,181,9,navy_man
1341,181,46,OTHER
1342,181,85,OTHER
1344,182,81,tank
1345,182,99,rtn_kid
1346,182,24,black_print
1347,182,9,navy_man
1348,182,46,OTHER
1349,182,85,OTHER
1350,183,81,tank
1351,183,99,rtn_kid
1352,183,9,navy_man
1353,183,24,black_print
1354,183,46,OTHER
1356,183,85,OTHER
1357,184,81,tank
1358,184,99,rtn_kid
1359,184,24,black_print
1360,184,9,navy_man
1361,184,46,OTHER
1362,184,141,AMBIG
1364,184,85,OTHER
1365,185,81,tank
1366,185,99,rtn_kid
1367,185,24,black_print
1368,185,9,navy_man
1369,185,46,OTHER
1370,185,141,AMBIG
1371,185,85,OTHER
1373,186,81,tank
1374,186,24,black_print
1375,186,9,navy_man
1376,186,141,AMBIG
1377,186,46,OTHER
1378,186,85,OTHER
1379,187,81,tank
1381,187,24,black_print
1382,187,141,AMBIG
1383,187,46,OTHER
1384,187,9,navy_man
1385,188,81,tank
1387,188,24,black_print
1388,188,46,OTHER
1391,188,85,OTHER
1392,189,81,tank
1394,189,24,black_print
1395,189,46,OTHER
1398,189,85,OTHER
1399,190,81,tank
1401,190,24,black_print
1402,190,46,OTHER
1404,191,81,tank
1406,191,24,black_print
1407,191,46,OTHER
1408,191,85,OTHER
1409,192,81,tank
1411,192,24,black_print
1412,192,46,OTHER
1416,192,85,OTHER
1417,193,81,tank
1419,193,24,black_print
1420,193,46,OTHER
1424,194,81,tank
1426,194,24,black_print
1427,194,46,OTHER
1432,195,81,tank
1433,195,24,black_print
1434,195,145,navy_man
1435,195,46,OTHER
1436,195,143,AMBIG
1439,196,81,tank
1440,196,145,navy_man
1441,196,24,black_print
1442,196,46,OTHER
1443,196,143,AMBIG
1446,197,106,rtn_kid
1447,197,24,black_print
1448,197,145,navy_man
1449,197,81,tank
1450,197,46,OTHER
1451,197,143,AMBIG
1454,198,106,rtn_kid
1455,198,24,black_print
1456,198,145,navy_man
1457,198,81,tank
1458,198,46,OTHER
1459,198,143,AMBIG
1462,199,145,navy_man
1463,199,106,rtn_kid
1464,199,81,tank
1465,199,24,black_print
1466,199,46,OTHER
1468,199,143,AMBIG
1469,200,146,navy_man
1470,200,82,tank
1471,200,106,rtn_kid
1472,200,24,black_print
1473,200,46,OTHER
1475,201,82,tank
1476,201,106,rtn_kid
1477,201,146,navy_man
1478,201,24,black_print
1479,201,46,OTHER
1481,202,82,tank
1482,202,106,rtn_kid
1483,202,146,navy_man
1484,202,46,OTHER
1485,202,24,black_print
1487,203,106,rtn_kid
1488,203,82,tank
1489,203,146,navy_man
1490,203,46,OTHER
1491,203,25,black_print
1493,204,106,rtn_kid
1494,204,82,tank
1495,204,146,navy_man
1496,204,46,OTHER
1497,204,25,black_print
1499,205,106,rtn_kid
1500,205,82,tank
1501,205,146,navy_man
1502,205,46,OTHER
1503,205,25,black_print
1505,206,106,rtn_kid
1506,206,82,tank
1507,206,46,OTHER
1508,206,146,navy_man
1509,206,25,black_print
1510,206,149,OTHER
1511,206,87,OTHER
1513,207,82,tank
1514,207,46,OTHER
1515,207,25,black_print
1516,207,149,OTHER
1518,207,87,OTHER
1520,208,82,tank
1521,208,46,OTHER
1522,208,25,black_print
1523,208,149,OTHER
1526,208,87,OTHER
1527,209,108,rtn_kid
1528,209,82,tank
1529,209,25,black_print
1530,209,46,OTHER
1531,209,149,OTHER
1532,210,108,rtn_kid
1533,210,82,tank
1534,210,25,black_print
1535,210,46,OTHER
1536,210,149,OTHER
1537,210,87,OTHER
1538,211,108,rtn_kid
1539,211,82,tank
1540,211,25,black_print
1541,211,46,OTHER
1542,211,149,OTHER
1543,211,87,OTHER
1544,212,108,rtn_kid
1545,212,25,black_print
1546,212,82,tank
1547,212,46,OTHER
1548,212,149,OTHER
1551,213,25,black_print
1552,213,82,tank
1553,213,46,OTHER
1554,213,149,OTHER
1559,214,82,tank
1561,214,46,OTHER
1563,214,149,OTHER
1564,214,87,OTHER
1567,215,82,tank
1568,215,47,OTHER
1571,215,149,OTHER
1573,215,87,OTHER
1574,216,110,rtn_kid
1575,216,82,tank
1576,216,47,OTHER
1577,216,27,black_print
1578,216,149,OTHER
1579,216,87,OTHER
1580,217,110,rtn_kid
1581,217,82,tank
1582,217,47,OTHER
1583,217,27,black_print
1584,217,149,OTHER
1585,217,87,OTHER
1586,218,110,rtn_kid
1587,218,82,tank
1588,218,27,black_print
1589,218,47,OTHER
1590,218,149,OTHER
1591,218,87,OTHER
1592,219,110,rtn_kid
1593,219,82,tank
1594,219,27,black_print
1595,219,47,OTHER
1596,219,149,OTHER
1597,220,110,rtn_kid
1598,220,82,tank
1599,220,47,OTHER
1600,220,27,black_print
1601,220,149,OTHER
1602,221,110,rtn_kid
1603,221,82,tank
1604,221,149,OTHER
1605,221,47,OTHER
1606,221,27,black_print
1607,222,110,rtn_kid
1608,222,82,tank
1609,222,149,OTHER
1610,222,47,OTHER
1611,223,110,rtn_kid
1612,223,82,tank
1613,223,149,OTHER
1614,223,47,OTHER
1615,224,110,rtn_kid
1616,224,82,tank
1617,224,149,OTHER
1618,224,47,OTHER
1619,225,110,rtn_kid
1620,225,82,tank
1621,225,149,OTHER
1622,225,47,OTHER
1623,226,110,rtn_kid
1624,226,82,tank
1625,226,149,OTHER
1626,226,47,OTHER
1627,227,110,rtn_kid
1628,227,82,tank
1629,227,149,OTHER
1630,227,47,OTHER
1631,228,110,rtn_kid
1632,228,82,tank
1633,228,149,OTHER
1634,228,47,OTHER
1635,229,110,rtn_kid
1636,229,82,tank
1637,229,47,OTHER
1638,229,149,OTHER
1639,230,110,rtn_kid
1640,230,82,tank
1641,230,47,OTHER
1642,230,149,OTHER
1643,231,110,rtn_kid
1644,231,82,tank
1645,231,47,OTHER
1646,231,150,OTHER
1648,232,110,rtn_kid
1649,232,82,tank
1650,232,47,OTHER
1651,232,150,OTHER
1652,232,158,OTHER
1653,233,110,rtn_kid
1654,233,82,tank
1655,233,158,OTHER
1656,233,47,OTHER
1657,233,150,OTHER
1658,234,110,rtn_kid
1659,234,82,tank
1660,234,158,OTHER
1661,234,150,OTHER
1662,234,47,OTHER
1663,235,110,rtn_kid
1664,235,158,OTHER
1665,235,82,tank
1666,235,150,OTHER
1667,235,47,OTHER
1668,236,110,rtn_kid
1669,236,150,OTHER
1670,236,158,OTHER
1671,236,82,tank
1672,236,47,OTHER
1674,237,110,rtn_kid
1675,237,150,OTHER
1676,237,158,OTHER
1677,237,82,tank
1678,237,47,OTHER
1679,238,110,rtn_kid
1680,238,150,OTHER
1681,238,158,OTHER
1682,238,47,OTHER
1683,238,82,tank
1684,239,110,rtn_kid
1685,239,150,OTHER
1686,239,158,OTHER
1687,239,47,OTHER
1688,239,82,tank
1689,240,110,rtn_kid
1690,240,150,OTHER
1691,240,158,OTHER
1692,240,47,OTHER
1693,240,82,tank
1694,241,110,rtn_kid
1695,241,150,OTHER
1696,241,158,OTHER
1697,241,47,OTHER
1698,242,110,rtn_kid
1699,242,151,OTHER
1700,242,159,OTHER
1701,242,47,OTHER
1702,243,110,rtn_kid
1703,243,151,OTHER
1704,243,159,OTHER
1705,243,47,OTHER
1706,244,110,rtn_kid
1707,244,151,OTHER
1708,244,159,OTHER
1709,244,47,OTHER
1713,245,111,rtn_kid
1714,245,151,OTHER
1715,245,159,OTHER
1716,245,166,navy_man
1717,245,47,OTHER
1719,246,111,rtn_kid
1720,246,151,OTHER
1721,246,166,navy_man
1722,246,159,OTHER
1723,246,47,OTHER
1724,246,169,AMBIG
1725,247,111,rtn_kid
1726,247,151,OTHER
1727,247,166,navy_man
1728,247,159,OTHER
1729,247,47,OTHER
1730,247,169,AMBIG
1731,248,111,rtn_kid
1732,248,166,navy_man
1733,248,151,OTHER
1734,248,159,OTHER
1735,248,47,OTHER
1736,248,169,AMBIG
1738,249,111,rtn_kid
1739,249,166,navy_man
1740,249,151,OTHER
1741,249,159,OTHER
1742,249,47,OTHER
1743,249,169,AMBIG
1746,250,111,rtn_kid
1747,250,166,navy_man
1748,250,151,OTHER
1749,250,159,OTHER
1750,250,169,AMBIG
1751,250,47,OTHER
1754,251,111,rtn_kid
1755,251,166,navy_man
1756,251,151,OTHER
1757,251,159,OTHER
1758,251,47,OTHER
1762,252,111,rtn_kid
1763,252,166,navy_man
1765,252,151,OTHER
1766,252,184,tank
1767,252,47,OTHER
1768,252,159,OTHER
1770,253,111,rtn_kid
1771,253,166,navy_man
1772,253,171,old_tank
1773,253,184,tank
1774,253,152,OTHER
1775,253,47,OTHER
1776,253,160,OTHER
1777,254,111,rtn_kid
1778,254,166,navy_man
1779,254,184,tank
1780,254,171,old_tank
1781,254,152,OTHER
1782,254,47,OTHER
1783,254,160,OTHER
1784,255,111,rtn_kid
1785,255,166,navy_man
1786,255,184,tank
1787,255,171,old_tank
1788,255,152,OTHER
1789,255,47,OTHER
1790,255,160,OTHER
1791,255,215,black_khaki_man
1792,256,111,rtn_kid
1793,256,166,navy_man
1794,256,184,tank
1795,256,171,old_tank
1796,256,215,black_khaki_man
1797,256,47,OTHER
1798,256,160,OTHER
1799,256,152,OTHER
1801,257,111,rtn_kid
1802,257,166,navy_man
1803,257,184,tank
1804,257,171,old_tank
1805,257,215,black_khaki_man
1806,257,47,OTHER
1807,257,160,OTHER
1808,257,152,OTHER
1809,258,111,rtn_kid
1810,258,166,navy_man
1811,258,184,tank
1812,258,171,old_tank
1813,258,215,black_khaki_man
1814,258,47,OTHER
1815,258,152,OTHER
1816,258,160,OTHER
1817,259,111,rtn_kid
1818,259,166,navy_man
1819,259,184,tank
1820,259,171,old_tank
1821,259,47,OTHER
1823,259,153,OTHER
1824,259,160,OTHER
1827,260,112,rtn_kid
1828,260,166,navy_man
1829,260,171,old_tank
1830,260,48,OTHER
1831,260,184,tank
1832,260,153,OTHER
1833,260,161,OTHER
1837,261,112,rtn_kid
1838,261,171,old_tank
1839,261,166,navy_man
1840,261,184,tank
1841,261,153,OTHER
1842,261,48,OTHER
1843,261,161,OTHER
1846,262,112,rtn_kid
1847,262,184,tank
1848,262,171,old_tank
1849,262,166,navy_man
1850,262,153,OTHER
1851,262,48,OTHER
1852,262,161,OTHER
1853,262,217,AMBIG
1854,263,112,rtn_kid
1855,263,171,old_tank
1856,263,184,tank
1857,263,153,OTHER
1858,263,166,navy_man
1859,263,48,OTHER
1860,263,161,OTHER
1861,263,217,AMBIG
1862,264,112,rtn_kid
1863,264,185,tank
1864,264,172,old_tank
1865,264,153,OTHER
1866,264,161,OTHER
1867,264,166,navy_man
1868,264,48,OTHER
1869,264,217,AMBIG
1870,265,112,rtn_kid
1871,265,172,old_tank
1872,265,153,OTHER
1873,265,185,tank
1874,265,161,OTHER
1875,265,48,OTHER
1876,265,166,navy_man
1877,265,217,AMBIG
1878,266,112,rtn_kid
1879,266,172,old_tank
1880,266,153,OTHER
1881,266,185,tank
1882,266,161,OTHER
1883,266,48,OTHER
1884,266,167,navy_man
1886,267,112,rtn_kid
1887,267,172,old_tank
1888,267,153,OTHER
1889,267,185,tank
1890,267,48,OTHER
1891,267,161,OTHER
1892,267,167,navy_man
1893,267,218,black_khaki_man
1894,268,112,rtn_kid
1895,268,172,old_tank
1896,268,218,black_khaki_man
1897,268,153,OTHER
1898,268,185,tank
1899,268,48,OTHER
1900,268,167,navy_man
1901,268,161,OTHER
1902,269,112,rtn_kid
1903,269,173,old_tank
1904,269,218,black_khaki_man
1905,269,186,tank
1906,269,153,OTHER
1907,269,48,OTHER
1908,269,167,navy_man
1909,269,162,OTHER
1911,270,112,rtn_kid
1912,270,173,old_tank
1913,270,186,tank
1914,270,218,black_khaki_man
1915,270,154,OTHER
1916,270,48,OTHER
1917,270,220,black_print
1918,270,162,OTHER
1919,270,168,navy_man
1920,270,222,OTHER
1921,271,112,rtn_kid
1922,271,173,old_tank
1923,271,186,tank
1924,271,218,black_khaki_man
1925,271,154,OTHER
1926,271,48,OTHER
1927,271,162,OTHER
1928,271,220,black_print
1929,271,222,OTHER
1930,271,168,navy_man
1931,272,112,rtn_kid
1932,272,173,old_tank
1933,272,186,tank
1934,272,218,black_khaki_man
1935,272,154,OTHER
1936,272,48,OTHER
1937,272,162,OTHER
1938,272,222,OTHER
1939,272,220,black_print
1940,272,168,navy_man
1942,273,112,rtn_kid
1943,273,173,old_tank
1944,273,186,tank
1945,273,218,black_khaki_man
1946,273,154,OTHER
1947,273,48,OTHER
1948,273,222,OTHER
1949,273,162,OTHER
1950,273,220,black_print
1951,273,168,navy_man
1952,274,112,rtn_kid
1953,274,173,old_tank
1954,274,186,tank
1955,274,218,black_khaki_man
1956,274,154,OTHER
1957,274,221,black_print
1958,274,222,OTHER
1959,274,48,OTHER
1960,274,162,OTHER
1961,275,112,rtn_kid
1962,275,173,old_tank
1963,275,186,tank
1964,275,154,OTHER
1965,275,218,black_khaki_man
1966,275,222,OTHER
1967,275,48,OTHER
1968,275,162,OTHER
1969,275,221,black_print
1970,276,112,rtn_kid
1971,276,173,old_tank
1972,276,186,tank
1973,276,154,OTHER
1974,276,218,black_khaki_man
1975,276,222,OTHER
1976,276,221,black_print
1977,276,162,OTHER
1978,276,48,OTHER
1979,277,112,rtn_kid
1980,277,173,old_tank
1981,277,186,tank
1982,277,154,OTHER
1983,277,222,OTHER
1984,277,162,OTHER
1985,277,48,OTHER
1986,277,218,black_khaki_man
1987,277,221,black_print
1989,278,112,rtn_kid
1990,278,186,tank
1991,278,173,old_tank
1992,278,154,OTHER
1994,278,222,OTHER
1995,278,221,black_print
1996,278,48,OTHER
1998,278,218,black_khaki_man
1999,279,112,rtn_kid
2000,279,186,tank
2001,279,173,old_tank
2002,279,154,OTHER
2004,279,221,black_print
2005,279,222,OTHER
2006,279,48,OTHER
2007,279,218,black_khaki_man
2008,280,112,rtn_kid
2009,280,186,tank
2010,280,173,old_tank
2011,280,154,OTHER
2012,280,164,OTHER
2013,280,221,black_print
2014,280,222,OTHER
2015,280,48,OTHER
2016,281,112,rtn_kid
2017,281,173,old_tank
2018,281,186,tank
2019,281,154,OTHER
2020,281,164,OTHER
2021,281,221,black_print
2022,281,222,OTHER
2023,281,48,OTHER
2024,281,218,black_khaki_man
2025,282,112,rtn_kid
2026,282,173,old_tank
2027,282,186,tank
2028,282,154,OTHER
2029,282,164,OTHER
2030,282,222,OTHER
2031,282,48,OTHER
2032,282,221,black_print
2033,283,112,rtn_kid
2036,283,154,OTHER
2037,283,164,OTHER
2038,283,48,OTHER
2039,283,222,OTHER
2040,283,221,black_print
2041,284,112,rtn_kid
2044,284,154,OTHER
2045,284,164,OTHER
2046,284,48,OTHER
2047,284,221,black_print
2048,284,222,OTHER
2049,285,112,rtn_kid
2050,285,188,tank
2051,285,175,old_tank
2052,285,154,OTHER
2053,285,164,OTHER
2054,285,48,OTHER
2055,285,221,black_print
2057,286,112,rtn_kid
2058,286,188,tank
2059,286,175,old_tank
2060,286,154,OTHER
2061,286,48,OTHER
2062,286,164,OTHER
2063,286,221,black_print
2065,287,112,rtn_kid
2066,287,188,tank
2067,287,175,old_tank
2068,287,154,OTHER
2069,287,48,OTHER
2070,287,164,OTHER
2071,288,112,rtn_kid
2072,288,188,tank
2073,288,175,old_tank
2074,288,154,OTHER
2075,288,48,OTHER
2077,288,164,OTHER
2078,289,112,rtn_kid
2079,289,188,tank
2080,289,175,old_tank
2081,289,48,OTHER
2083,289,154,OTHER
2084,289,164,OTHER
2085,290,112,rtn_kid
2086,290,188,tank
2088,290,175,old_tank
2089,290,48,OTHER
2090,290,155,OTHER
2091,291,112,rtn_kid
2092,291,188,tank
2093,291,175,old_tank
2095,291,155,OTHER
2096,291,48,OTHER
2098,292,112,rtn_kid
2099,292,188,tank
2100,292,175,old_tank
2102,292,155,OTHER
2103,292,48,OTHER
2105,293,112,rtn_kid
2106,293,188,tank
2108,293,175,old_tank
2109,293,155,OTHER
2111,293,48,OTHER
2112,294,112,rtn_kid
2113,294,188,tank
2115,294,175,old_tank
2116,294,155,OTHER
2118,294,48,OTHER
2119,295,112,rtn_kid
2120,295,188,tank
2122,295,175,old_tank
2124,295,156,OTHER
2125,295,48,OTHER
2127,296,112,rtn_kid
2128,296,188,tank
2129,296,234,gray_man
2130,296,175,old_tank
2131,296,238,black_khaki_man
2132,296,48,OTHER
2133,296,156,OTHER
2135,297,112,rtn_kid
2136,297,188,tank
2137,297,234,gray_man
2138,297,175,old_tank
2139,297,238,black_khaki_man
2140,297,156,OTHER
2141,297,48,OTHER
2142,297,223,OTHER
2143,298,112,rtn_kid
2144,298,188,tank
2145,298,234,gray_man
2146,298,175,old_tank
2147,298,156,OTHER
2148,298,238,black_khaki_man
2149,298,48,OTHER
2150,298,223,OTHER
2151,299,112,rtn_kid
2152,299,234,gray_man
2153,299,188,tank
2154,299,175,old_tank
2155,299,238,black_khaki_man
2156,299,156,OTHER
2157,299,48,OTHER
2158,299,223,OTHER
2160,300,112,rtn_kid
2161,300,234,gray_man
2162,300,188,tank
2163,300,175,old_tank
2164,300,238,black_khaki_man
2165,300,156,OTHER
2166,300,223,OTHER
2167,300,48,OTHER
2168,301,112,rtn_kid
2169,301,188,tank
2170,301,234,gray_man
2171,301,175,old_tank
2172,301,48,OTHER
2173,301,238,black_khaki_man
2174,301,223,OTHER
2175,301,156,OTHER
2176,302,112,rtn_kid
2177,302,234,gray_man
2180,302,224,OTHER
2181,302,48,OTHER
2182,302,157,OTHER
2183,302,238,black_khaki_man
2184,303,112,rtn_kid
2185,303,234,gray_man
2186,303,190,tank
2187,303,177,old_tank
2188,303,157,OTHER
2189,303,224,OTHER
2190,303,48,OTHER
2191,303,238,black_khaki_man
2192,304,112,rtn_kid
2193,304,234,gray_man
2194,304,190,tank
2195,304,177,old_tank
2196,304,157,OTHER
2197,304,224,OTHER
2198,304,48,OTHER
2199,305,190,tank
2200,305,113,rtn_kid
2201,305,234,gray_man
2202,305,177,old_tank
2203,305,157,OTHER
2204,305,224,OTHER
2205,305,49,OTHER
2206,306,113,rtn_kid
2207,306,190,tank
2208,306,234,gray_man
2209,306,177,old_tank
2210,306,157,OTHER
2211,306,224,OTHER
2212,306,49,OTHER
2213,307,113,rtn_kid
2214,307,190,tank
2215,307,234,gray_man
2216,307,177,old_tank
2217,307,157,OTHER
2218,307,224,OTHER
2219,307,49,OTHER
2220,308,113,rtn_kid
2221,308,190,tank
2222,308,234,gray_man
2223,308,177,old_tank
2224,308,224,OTHER
2225,308,157,OTHER
2226,308,49,OTHER
2227,309,113,rtn_kid
2228,309,190,tank
2229,309,234,gray_man
2230,309,177,old_tank
2231,309,157,OTHER
2232,309,224,OTHER
2233,309,49,OTHER
2234,310,113,rtn_kid
2235,310,190,tank
2236,310,234,gray_man
2237,310,177,old_tank
2238,310,224,OTHER
2239,310,49,OTHER
2240,310,157,OTHER
2241,311,113,rtn_kid
2243,311,234,gray_man
2245,311,49,OTHER
2246,311,225,OTHER
2247,311,157,OTHER
2249,312,113,rtn_kid
2251,312,234,gray_man
2253,312,49,OTHER
2254,312,225,OTHER
2255,312,157,OTHER
2257,313,113,rtn_kid
2259,313,234,gray_man
2261,313,49,OTHER
2262,313,225,OTHER
2264,313,157,OTHER
2265,314,114,rtn_kid
2268,314,234,gray_man
2269,314,225,OTHER
2270,314,49,OTHER
2273,314,157,OTHER
2274,315,114,rtn_kid
2276,315,180,old_tank
2277,315,234,gray_man
2279,315,49,OTHER
2282,316,114,rtn_kid
2284,316,180,old_tank
2285,316,234,gray_man
2289,316,49,OTHER
2290,317,114,rtn_kid
2291,317,194,tank
2292,317,180,old_tank
2293,317,235,gray_man
2294,317,49,OTHER
2295,317,228,OTHER
2297,317,242,OTHER
2298,318,115,rtn_kid
2299,318,194,tank
2300,318,180,old_tank
2301,318,235,gray_man
2302,318,49,OTHER
2303,318,228,OTHER
2304,318,242,OTHER
2305,318,253,AMBIG
2306,319,115,rtn_kid
2307,319,194,tank
2308,319,180,old_tank
2309,319,235,gray_man
2310,319,228,OTHER
2311,319,242,OTHER
2312,319,49,OTHER
2313,319,253,AMBIG
2314,320,115,rtn_kid
2315,320,180,old_tank
2316,320,194,tank
2317,320,235,gray_man
2318,320,49,OTHER
2319,320,242,OTHER
2320,320,228,OTHER
2321,320,253,AMBIG
2322,321,115,rtn_kid
2323,321,180,old_tank
2324,321,194,tank
2325,321,235,gray_man
2326,321,49,OTHER
2327,321,228,OTHER
2328,321,242,OTHER
2329,321,253,AMBIG
2330,322,115,rtn_kid
2331,322,194,tank
2332,322,180,old_tank
2333,322,49,OTHER
2334,322,235,gray_man
2335,322,228,OTHER
2336,322,242,OTHER
2337,322,253,AMBIG
2338,323,115,rtn_kid
2339,323,194,tank
2340,323,180,old_tank
2341,323,49,OTHER
2342,323,228,OTHER
2343,323,242,OTHER
2344,323,235,gray_man
2345,323,253,AMBIG
2346,324,115,rtn_kid
2347,324,180,old_tank
2348,324,194,tank
2349,324,228,OTHER
2350,324,242,OTHER
2351,324,49,OTHER
2352,324,235,gray_man
2354,324,253,AMBIG
2355,325,115,rtn_kid
2356,325,180,old_tank
2357,325,194,tank
2358,325,228,OTHER
2359,325,49,OTHER
2360,325,242,OTHER
2361,325,235,gray_man
2362,326,115,rtn_kid
2363,326,180,old_tank
2364,326,195,tank
2365,326,228,OTHER
2366,326,49,OTHER
2367,326,242,OTHER
2368,327,115,rtn_kid
2369,327,195,tank
2370,327,180,old_tank
2371,327,49,OTHER
2372,327,228,OTHER
2373,327,242,OTHER
2374,328,115,rtn_kid
2375,328,195,tank
2376,328,180,old_tank
2377,328,228,OTHER
2378,328,49,OTHER
2379,328,242,OTHER
2380,329,115,rtn_kid
2381,329,195,tank
2382,329,180,old_tank
2383,329,228,OTHER
2384,329,49,OTHER
2385,329,242,OTHER
2386,330,115,rtn_kid
2387,330,195,tank
2388,330,180,old_tank
2389,330,228,OTHER
2390,330,242,OTHER
2391,330,49,OTHER
2392,331,115,rtn_kid
2393,331,196,tank
2394,331,181,old_tank
2395,331,228,OTHER
2396,331,242,OTHER
2397,331,49,OTHER
2398,332,115,rtn_kid
2399,332,196,tank
2400,332,181,old_tank
2401,332,242,OTHER
2402,332,228,OTHER
2403,332,49,OTHER
2404,333,115,rtn_kid
2405,333,196,tank
2406,333,181,old_tank
2407,333,242,OTHER
2408,333,228,OTHER
2409,333,49,OTHER
2411,334,115,rtn_kid
2412,334,196,tank
2413,334,181,old_tank
2414,334,242,OTHER
2415,334,49,OTHER
2416,334,228,OTHER
2418,335,115,rtn_kid
2419,335,196,tank
2420,335,181,old_tank
2421,335,242,OTHER
2422,335,49,OTHER
2423,335,228,OTHER
2424,335,254,gray_man
2425,336,115,rtn_kid
2426,336,196,tank
2427,336,242,OTHER
2428,336,228,OTHER
2429,336,181,old_tank
2430,336,49,OTHER
2431,336,254,gray_man
2432,337,115,rtn_kid
2433,337,196,tank
2434,337,228,OTHER
2435,337,242,OTHER
2436,337,49,OTHER
2437,337,254,gray_man
2438,338,115,rtn_kid
2439,338,196,tank
2440,338,254,gray_man
2441,338,228,OTHER
2442,338,242,OTHER
2443,338,49,OTHER
2444,339,115,rtn_kid
2445,339,196,tank
2446,339,254,gray_man
2447,339,228,OTHER
2448,339,50,OTHER
2449,339,243,OTHER
2450,340,115,rtn_kid
2451,340,196,tank
2452,340,254,gray_man
2453,340,228,OTHER
2454,340,50,OTHER
2455,340,243,OTHER
2456,341,115,rtn_kid
2457,341,197,tank
2458,341,255,gray_man
2459,341,228,OTHER
2460,341,243,OTHER
2461,341,50,OTHER
2463,342,115,rtn_kid
2464,342,197,tank
2465,342,255,gray_man
2466,342,243,OTHER
2467,342,228,OTHER
2468,342,50,OTHER
2469,343,115,rtn_kid
2470,343,255,gray_man
2471,343,197,tank
2472,343,244,OTHER
2473,343,228,OTHER
2474,344,115,rtn_kid
2475,344,255,gray_man
2476,344,197,tank
2477,344,244,OTHER
2479,345,115,rtn_kid
2480,345,197,tank
2481,345,244,OTHER
2482,345,255,gray_man
2483,345,228,OTHER
2484,346,115,rtn_kid
2485,346,197,tank
2486,346,255,gray_man
2487,346,244,OTHER
2488,347,115,rtn_kid
2489,347,197,tank
2490,347,255,gray_man
2491,347,244,OTHER
2492,348,115,rtn_kid
2493,348,197,tank
2494,348,255,gray_man
2495,348,244,OTHER
2496,349,115,rtn_kid
2498,349,244,OTHER
2501,350,115,rtn_kid
2504,350,244,OTHER
2505,351,115,rtn_kid
2508,351,244,OTHER
2509,352,115,rtn_kid
2510,352,199,tank
2511,352,257,gray_man
2512,352,244,OTHER
2513,353,115,rtn_kid
2514,353,199,tank
2515,353,257,gray_man
2516,353,244,OTHER
2517,354,115,rtn_kid
2518,354,199,tank
2519,354,257,gray_man
2520,354,244,OTHER
2521,355,115,rtn_kid
2522,355,199,tank
2523,355,257,gray_man
2524,355,245,OTHER
2525,355,51,OTHER
2527,356,199,tank
2529,356,245,OTHER
2530,356,51,OTHER
2532,357,199,tank
2534,357,245,OTHER
2535,357,51,OTHER
2537,358,199,tank
2539,358,245,OTHER
2540,358,51,OTHER
2542,359,199,tank
2544,359,245,OTHER
2545,359,51,OTHER
2547,360,199,tank
2548,360,246,OTHER
2550,360,52,OTHER
2552,361,199,tank
2553,361,246,OTHER
2554,361,52,OTHER
2557,362,199,tank
2558,362,246,OTHER
2559,362,52,OTHER
2561,363,119,rtn_kid
2562,363,199,tank
2563,363,246,OTHER
2564,363,52,OTHER
2565,364,119,rtn_kid
2566,364,199,tank
2567,364,246,OTHER
2568,364,52,OTHER
2569,365,119,rtn_kid
2570,365,199,tank
2571,365,246,OTHER
2572,365,52,OTHER
2573,366,119,rtn_kid
2574,366,199,tank
2575,366,246,OTHER
2576,366,52,OTHER
2577,366,261,black_print
2578,367,119,rtn_kid
2579,367,199,tank
2580,367,246,OTHER
2581,367,261,black_print
2582,367,52,OTHER
2583,368,119,rtn_kid
2584,368,199,tank
2586,368,261,black_print
2588,369,119,rtn_kid
2589,369,199,tank
2591,369,261,black_print
2593,370,119,rtn_kid
2594,370,199,tank
2596,370,261,black_print
2598,371,119,rtn_kid
2599,371,199,tank
2600,371,248,OTHER
2601,371,261,black_print
2602,371,54,OTHER
2603,372,119,rtn_kid
2604,372,199,tank
2605,372,261,black_print
2606,372,248,OTHER
2607,372,54,OTHER
2608,373,119,rtn_kid
2609,373,199,tank
2610,373,261,black_print
2611,373,248,OTHER
2612,373,54,OTHER
2613,374,119,rtn_kid
2614,374,199,tank
2615,374,261,black_print
2616,374,248,OTHER
2617,374,54,OTHER
2618,375,119,rtn_kid
2619,375,199,tank
2620,375,261,black_print
2621,375,248,OTHER
2622,375,54,OTHER
2623,376,119,rtn_kid
2624,376,199,tank
2625,376,248,OTHER
2626,376,261,black_print
2627,376,54,OTHER
2628,377,119,rtn_kid
2629,377,261,black_print
2630,377,199,tank
2631,377,248,OTHER
2632,377,54,OTHER
2633,378,119,rtn_kid
2634,378,199,tank
2635,378,261,black_print
2636,378,248,OTHER
2637,378,54,OTHER
2638,379,119,rtn_kid
2639,379,199,tank
2640,379,248,OTHER
2641,379,54,OTHER
2642,379,261,black_print
2643,380,119,rtn_kid
2644,380,199,tank
2645,380,248,OTHER
2646,380,261,black_print
2647,380,54,OTHER
2648,381,119,rtn_kid
2649,381,199,tank
2650,381,261,black_print
2651,381,248,OTHER
2652,381,54,OTHER
2653,382,119,rtn_kid
2654,382,199,tank
2655,382,261,black_print
2656,382,248,OTHER
2657,382,54,OTHER
2658,383,119,rtn_kid
2660,383,248,OTHER
2662,383,54,OTHER
2663,384,119,rtn_kid
2665,384,248,OTHER
2666,384,54,OTHER
2668,385,119,rtn_kid
2670,385,249,OTHER
2671,385,55,OTHER
2673,386,119,rtn_kid
2674,386,201,tank
2675,386,249,OTHER
2676,386,55,OTHER
2677,387,119,rtn_kid
2678,387,201,tank
2679,387,249,OTHER
2680,387,55,OTHER
2681,388,119,rtn_kid
2682,388,201,tank
2683,388,249,OTHER
2684,388,55,OTHER
2685,389,119,rtn_kid
2686,389,201,tank
2687,389,249,OTHER
2688,389,55,OTHER
2689,390,119,rtn_kid
2690,390,202,tank
2691,390,263,black_print
2692,390,249,OTHER
2693,390,55,OTHER
2694,391,119,rtn_kid
2695,391,263,black_print
2696,391,202,tank
2697,391,249,OTHER
2698,391,55,OTHER
2699,392,119,rtn_kid
2700,392,263,black_print
2701,392,202,tank
2702,392,249,OTHER
2703,392,55,OTHER
2704,393,119,rtn_kid
2705,393,263,black_print
2706,393,202,tank
2707,393,249,OTHER
2708,393,55,OTHER
2709,394,119,rtn_kid
2710,394,263,black_print
2711,394,202,tank
2712,394,55,OTHER
2713,394,249,OTHER
2714,395,119,rtn_kid
2715,395,264,black_print
2716,395,203,tank
2717,395,55,OTHER
2718,395,249,OTHER
2719,396,119,rtn_kid
2720,396,264,black_print
2721,396,203,tank
2722,396,55,OTHER
2723,396,249,OTHER
2724,397,119,rtn_kid
2725,397,264,black_print
2726,397,203,tank
2727,397,55,OTHER
2728,397,249,OTHER
2729,398,119,rtn_kid
2730,398,264,black_print
2731,398,203,tank
2732,398,56,OTHER
2733,399,119,rtn_kid
2734,399,264,black_print
2735,399,203,tank
2736,399,56,OTHER
2737,400,119,rtn_kid
2738,400,264,black_print
2739,400,203,tank
2740,400,56,OTHER
2741,401,119,rtn_kid
2742,401,264,black_print
2743,401,203,tank
2744,401,56,OTHER
2745,402,119,rtn_kid
2746,402,264,black_print
2747,402,203,tank
2748,402,56,OTHER
2749,403,119,rtn_kid
2750,403,264,black_print
2751,403,203,tank
2752,403,56,OTHER
2753,404,119,rtn_kid
2754,404,203,tank
2755,404,264,black_print
2756,404,56,OTHER
2757,405,119,rtn_kid
2758,405,264,black_print
2759,405,203,tank
2760,405,56,OTHER
2761,406,119,rtn_kid
2762,406,203,tank
2763,406,264,black_print
2764,406,56,OTHER
2765,407,119,rtn_kid
2766,407,203,tank
2767,407,264,black_print
2768,407,56,OTHER
2769,408,120,rtn_kid
2770,408,264,black_print
2771,408,56,OTHER
2772,408,203,tank
2773,409,120,rtn_kid
2774,409,264,black_print
2775,409,56,OTHER
2776,410,120,rtn_kid
2777,410,264,black_print
2778,410,250,OTHER
2779,410,57,OTHER
2780,411,120,rtn_kid
2781,411,264,black_print
2782,411,250,OTHER
2783,411,57,OTHER
2784,411,203,tank
2785,412,120,rtn_kid
2786,412,264,black_print
2787,412,57,OTHER
2788,412,250,OTHER
2791,413,264,black_print
2792,413,57,OTHER
2793,413,250,OTHER
2796,414,264,black_print
2797,414,250,OTHER
2798,414,57,OTHER
2801,415,264,black_print
2803,415,57,OTHER
2804,415,250,OTHER
2805,416,122,rtn_kid
2806,416,264,black_print
2807,416,205,red_shorts
2808,416,57,OTHER
2809,416,250,OTHER
2810,417,122,rtn_kid
2811,417,264,black_print
2812,417,205,red_shorts
2813,417,57,OTHER
2814,417,250,OTHER
2815,418,122,rtn_kid
2816,418,264,black_print
2817,418,205,red_shorts
2818,418,57,OTHER
2819,418,250,OTHER
2820,419,122,rtn_kid
2821,419,205,red_shorts
2822,419,264,black_print
2823,419,251,OTHER
2824,419,58,OTHER
2825,420,122,rtn_kid
2826,420,205,red_shorts
2827,420,264,black_print
2828,420,58,OTHER
2829,420,251,OTHER
2830,421,122,rtn_kid
2831,421,205,red_shorts
2832,421,264,black_print
2833,421,58,OTHER
2834,421,251,OTHER
2835,422,122,rtn_kid
2836,422,205,red_shorts
2837,422,264,black_print
2838,422,58,OTHER
2839,422,251,OTHER
2840,423,122,rtn_kid
2841,423,205,red_shorts
2842,423,264,black_print
2843,423,58,OTHER
2844,423,251,OTHER
2845,424,122,rtn_kid
2846,424,205,red_shorts
2847,424,264,black_print
2848,424,58,OTHER
2849,424,251,OTHER
2851,425,122,rtn_kid
2852,425,205,red_shorts
2853,425,264,black_print
2854,425,58,OTHER
2855,425,251,OTHER
2857,426,122,rtn_kid
2858,426,205,red_shorts
2859,426,264,black_print
2860,426,58,OTHER
2862,427,122,rtn_kid
2863,427,205,red_shorts
2864,427,264,black_print
2865,427,58,OTHER
2867,428,122,rtn_kid
2868,428,205,red_shorts
2869,428,264,black_print
2870,428,58,OTHER
2871,429,122,rtn_kid
2872,429,205,red_shorts
2873,429,264,black_print
2874,429,58,OTHER
2875,430,122,rtn_kid
2876,430,205,red_shorts
2877,430,264,black_print
2878,430,58,OTHER
2880,431,122,rtn_kid
2881,431,205,red_shorts
2882,431,264,black_print
2883,431,58,OTHER
2884,432,122,rtn_kid
2885,432,205,red_shorts
2886,432,264,black_print
2887,432,58,OTHER
2889,433,122,rtn_kid
2890,433,205,red_shorts
2891,433,264,black_print
2892,433,58,OTHER
2894,434,122,rtn_kid
2895,434,205,red_shorts
2896,434,264,black_print
2897,434,58,OTHER
2899,435,122,rtn_kid
2900,435,205,red_shorts
2901,435,264,black_print
2902,435,58,OTHER
2904,436,122,rtn_kid
2905,436,264,black_print
2906,436,205,red_shorts
2907,436,58,OTHER
2909,437,122,rtn_kid
2910,437,264,black_print
2911,437,205,red_shorts
2912,437,58,OTHER
2914,438,122,rtn_kid
2915,438,264,black_print
2916,438,205,red_shorts
2917,438,58,OTHER
2919,439,122,rtn_kid
2920,439,264,black_print
2921,439,205,red_shorts
2922,439,58,OTHER
2924,440,122,rtn_kid
2925,440,265,black_print
2926,440,205,red_shorts
2927,440,58,OTHER
2929,441,122,rtn_kid
2930,441,265,black_print
2931,441,205,red_shorts
2932,441,58,OTHER
2934,442,122,rtn_kid
2935,442,265,black_print
2936,442,205,red_shorts
2937,442,58,OTHER
2939,443,122,rtn_kid
2940,443,265,black_print
2941,443,205,red_shorts
2942,443,58,OTHER
2944,444,122,rtn_kid
2945,444,265,black_print
2946,444,205,red_shorts
2947,444,58,OTHER
2949,445,122,rtn_kid
2950,445,265,black_print
2951,445,205,red_shorts
2952,445,58,OTHER
2954,446,122,rtn_kid
2955,446,265,black_print
2956,446,205,red_shorts
2957,446,58,OTHER
2959,447,122,rtn_kid
2960,447,265,black_print
2961,447,205,red_shorts
2962,447,58,OTHER
2964,448,122,rtn_kid
2965,448,265,black_print
2966,448,205,red_shorts
2967,448,58,OTHER
2969,449,122,rtn_kid
2970,449,265,black_print
2971,449,205,red_shorts
2972,449,58,OTHER
2974,450,122,rtn_kid
2975,450,265,black_print
2976,450,205,red_shorts
2977,450,58,OTHER
2979,451,122,rtn_kid
2980,451,265,black_print
2981,451,205,red_shorts
2982,451,58,OTHER
2984,452,122,rtn_kid
2985,452,265,black_print
2986,452,205,red_shorts
2987,452,58,OTHER
2989,453,122,rtn_kid
2990,453,265,black_print
2991,453,205,red_shorts
2992,453,58,OTHER
2994,454,122,rtn_kid
2996,454,205,red_shorts
2997,454,58,OTHER
3000,455,122,rtn_kid
3001,455,267,black_print
3002,455,205,red_shorts
3003,455,58,OTHER
3005,456,123,rtn_kid
3006,456,267,black_print
3007,456,206,red_shorts
3008,456,58,OTHER
3010,457,123,rtn_kid
3011,457,267,black_print
3012,457,206,red_shorts
3013,457,58,OTHER
3015,458,123,rtn_kid
3016,458,267,black_print
3017,458,206,red_shorts
3018,458,58,OTHER
3020,459,123,rtn_kid
3021,459,267,black_print
3022,459,206,red_shorts
3023,459,58,OTHER
3025,460,123,rtn_kid
3026,460,267,black_print
3027,460,206,red_shorts
3028,460,58,OTHER
3030,461,123,rtn_kid
3031,461,267,black_print
3032,461,206,red_shorts
3033,461,58,OTHER
3035,462,123,rtn_kid
3036,462,267,black_print
3037,462,206,red_shorts
3038,462,58,OTHER
3040,463,123,rtn_kid
3041,463,267,black_print
3042,463,206,red_shorts
3043,463,58,OTHER
3045,464,123,rtn_kid
3046,464,267,black_print
3047,464,206,red_shorts
3048,464,59,OTHER
3050,465,123,rtn_kid
3051,465,267,black_print
3052,465,206,red_shorts
3053,465,59,OTHER
3055,466,123,rtn_kid
3056,466,267,black_print
3057,466,206,red_shorts
3058,466,59,OTHER
3060,467,123,rtn_kid
3061,467,267,black_print
3062,467,206,red_shorts
3063,467,59,OTHER
3065,468,123,rtn_kid
3066,468,267,black_print
3067,468,206,red_shorts
3068,468,59,OTHER
3070,469,123,rtn_kid
3071,469,206,red_shorts
3072,469,267,black_print
3073,469,59,OTHER
3075,470,123,rtn_kid
3076,470,267,black_print
3077,470,206,red_shorts
3078,470,59,OTHER
3079,471,123,rtn_kid
3080,471,267,black_print
3081,471,59,OTHER
3082,471,206,red_shorts
3084,472,267,black_print
3085,472,206,red_shorts
3086,472,59,OTHER
3090,473,267,black_print
3091,473,59,OTHER
3092,473,206,red_shorts
3094,474,126,rtn_kid
3095,474,267,black_print
3096,474,59,OTHER
3097,474,206,red_shorts
3099,475,126,rtn_kid
3100,475,267,black_print
3101,475,59,OTHER
3102,475,271,red_shorts
3103,475,206,red_shorts
3104,476,126,rtn_kid
3105,476,267,black_print
3106,476,59,OTHER
3107,476,271,red_shorts
3108,476,206,red_shorts
3109,477,126,rtn_kid
3110,477,267,black_print
3111,477,59,OTHER
3112,477,271,red_shorts
3113,477,206,red_shorts
3115,478,126,rtn_kid
3116,478,267,black_print
3117,478,59,OTHER
3119,478,271,red_shorts
3120,478,206,red_shorts
3121,479,126,rtn_kid
3122,479,267,black_print
3123,479,59,OTHER
3124,479,207,red_shorts
3126,480,126,rtn_kid
3127,480,267,black_print
3128,480,59,OTHER
3130,480,207,red_shorts
3131,481,126,rtn_kid
3132,481,267,black_print
3133,481,59,OTHER
3134,481,207,red_shorts
3135,482,126,rtn_kid
3136,482,267,black_print
3137,482,59,OTHER
3138,482,207,red_shorts
3139,483,126,rtn_kid
3140,483,267,black_print
3141,483,59,OTHER
3142,483,207,red_shorts
3144,484,126,rtn_kid
3145,484,267,black_print
3146,484,59,OTHER
3147,484,207,red_shorts
3148,485,126,rtn_kid
3149,485,267,black_print
3150,485,59,OTHER
3151,485,207,red_shorts
3152,486,126,rtn_kid
3153,486,267,black_print
3154,486,207,red_shorts
3155,486,59,OTHER
3156,487,126,rtn_kid
3157,487,207,red_shorts
3158,487,267,black_print
3159,487,59,OTHER
3160,488,126,rtn_kid
3161,488,207,red_shorts
3162,488,267,black_print
3163,488,59,OTHER
3164,489,126,rtn_kid
3165,489,208,red_shorts
3166,489,59,OTHER
3167,489,268,AMBIG
3168,490,126,rtn_kid
3169,490,208,red_shorts
3170,490,59,OTHER
3171,490,268,AMBIG
3172,491,126,rtn_kid
3173,491,208,red_shorts
3174,491,59,OTHER
3175,491,268,AMBIG
3176,492,126,rtn_kid
3177,492,208,red_shorts
3178,492,59,OTHER
3179,492,268,AMBIG
3181,493,126,rtn_kid
3183,493,59,OTHER
3185,494,126,rtn_kid
3187,494,59,OTHER
3189,495,126,rtn_kid
3191,495,59,OTHER
3193,496,126,rtn_kid
3194,496,209,red_shorts
3195,496,59,OTHER
3196,497,126,rtn_kid
3197,497,209,red_shorts
3198,497,59,OTHER
3199,498,126,rtn_kid
3200,498,209,red_shorts
3201,498,59,OTHER
3202,499,126,rtn_kid
3203,499,209,red_shorts
3204,499,59,OTHER
3205,500,126,rtn_kid
3206,500,209,red_shorts
3207,500,59,OTHER
3209,501,126,rtn_kid
3210,501,209,red_shorts
3211,501,59,OTHER
3212,502,126,rtn_kid
3213,502,209,red_shorts
3214,502,59,OTHER
3215,503,126,rtn_kid
3216,503,209,red_shorts
3217,503,59,OTHER
3218,504,126,rtn_kid
3219,504,209,red_shorts
3220,504,59,OTHER
3221,505,127,rtn_kid
3222,505,210,red_shorts
3223,505,59,OTHER
3224,506,127,rtn_kid
3225,506,210,red_shorts
3226,506,59,OTHER
3227,507,127,rtn_kid
3228,507,210,red_shorts
3229,507,59,OTHER
3230,508,127,rtn_kid
3231,508,210,red_shorts
3232,508,59,OTHER
3233,509,128,rtn_kid
3234,509,211,red_shorts
3235,509,60,OTHER
3236,510,128,rtn_kid
3237,510,211,red_shorts
3238,510,60,OTHER
3239,511,128,rtn_kid
3240,511,211,red_shorts
3241,511,60,OTHER
3242,512,128,rtn_kid
3243,512,211,red_shorts
3244,512,60,OTHER
3245,513,128,rtn_kid
3246,513,211,red_shorts
3247,513,60,OTHER
3250,514,60,OTHER
3251,515,130,rtn_kid
3253,515,60,OTHER
3254,516,130,rtn_kid
3255,516,214,red_shorts
3256,516,60,OTHER
3258,517,130,rtn_kid
3259,517,60,OTHER
3260,517,214,red_shorts
3262,518,130,rtn_kid
3263,518,214,red_shorts
3264,518,60,OTHER
3266,519,130,rtn_kid
3267,519,214,red_shorts
3268,519,60,OTHER
3270,520,130,rtn_kid
3271,520,214,red_shorts
3272,520,60,OTHER
3274,521,130,rtn_kid
3275,521,60,OTHER
3276,521,214,red_shorts
3278,522,130,rtn_kid
3279,522,60,OTHER
3280,522,214,red_shorts
3281,522,272,tank
3283,523,130,rtn_kid
3284,523,60,OTHER
3285,523,214,red_shorts
3286,523,272,tank
3287,524,130,rtn_kid
3288,524,272,tank
3289,524,60,OTHER
3290,524,214,red_shorts
3291,525,130,rtn_kid
3292,525,272,tank
3293,525,60,OTHER
3294,525,214,red_shorts
3295,526,130,rtn_kid
3296,526,272,tank
3297,526,214,red_shorts
3298,526,60,OTHER
3299,527,130,rtn_kid
3300,527,272,tank
3301,527,60,OTHER
3302,527,214,red_shorts
3303,528,130,rtn_kid
3304,528,272,tank
3305,528,60,OTHER
3306,528,214,red_shorts
3307,529,130,rtn_kid
3308,529,272,tank
3309,529,60,OTHER
3310,529,214,red_shorts
3312,530,130,rtn_kid
3313,530,273,tank
3314,530,60,OTHER
3315,531,130,rtn_kid
3316,531,273,tank
3317,531,60,OTHER
3318,532,130,rtn_kid
3319,532,273,tank
3320,532,60,OTHER
3321,533,130,rtn_kid
3322,533,273,tank
3323,533,60,OTHER
3324,534,130,rtn_kid
3325,534,273,tank
3326,534,60,OTHER
3327,535,130,rtn_kid
3328,535,273,tank
3329,535,60,OTHER
3330,536,130,rtn_kid
3331,536,273,tank
3332,536,60,OTHER
3333,537,130,rtn_kid
3334,537,273,tank
3335,537,60,OTHER
3336,538,130,rtn_kid
3337,538,60,OTHER
3338,538,273,tank
3339,539,130,rtn_kid
3340,539,273,tank
3341,539,60,OTHER
3342,540,130,rtn_kid
3343,540,273,tank
3344,540,60,OTHER
3345,541,130,rtn_kid
3346,541,273,tank
3347,541,60,OTHER
3348,542,130,rtn_kid
3349,542,273,tank
3350,542,60,OTHER
3351,543,130,rtn_kid
3352,543,273,tank
3353,543,60,OTHER
3354,544,130,rtn_kid
3355,544,273,tank
3356,544,60,OTHER
3357,545,130,rtn_kid
3358,545,273,tank
3359,545,60,OTHER
3360,546,130,rtn_kid
3361,546,273,tank
3362,546,60,OTHER
3363,547,130,rtn_kid
3364,547,273,tank
3365,547,60,OTHER
3366,548,130,rtn_kid
3367,548,273,tank
3368,548,60,OTHER
3369,549,130,rtn_kid
3370,549,273,tank
3371,549,60,OTHER
3372,550,130,rtn_kid
3373,550,273,tank
3374,550,60,OTHER
3375,551,130,rtn_kid
3376,551,273,tank
3377,551,60,OTHER
3378,552,130,rtn_kid
3379,552,273,tank
3380,552,60,OTHER
3381,553,130,rtn_kid
3382,553,273,tank
3383,553,60,OTHER
3385,554,130,rtn_kid
3386,554,273,tank
3387,554,61,OTHER
3389,555,130,rtn_kid
3390,555,273,tank
3391,555,61,OTHER
3393,556,130,rtn_kid
3394,556,273,tank
3395,556,61,OTHER
3397,557,130,rtn_kid
3398,557,273,tank
3399,557,61,OTHER
3400,558,130,rtn_kid
3401,558,273,tank
3402,558,61,OTHER
3404,559,130,rtn_kid
3405,559,273,tank
3406,559,61,OTHER
3408,560,131,rtn_kid
3409,560,273,tank
3410,560,61,OTHER
3411,561,131,rtn_kid
3412,561,273,tank
3413,561,61,OTHER
3414,562,131,rtn_kid
3415,562,273,tank
3416,562,61,OTHER
3417,562,302,black_print
3418,563,131,rtn_kid
3419,563,273,tank
3420,563,302,black_print
3421,563,61,OTHER
3422,564,131,rtn_kid
3423,564,273,tank
3424,564,302,black_print
3425,564,61,OTHER
3426,565,131,rtn_kid
3427,565,302,black_print
3428,565,273,tank
3429,565,61,OTHER
3431,566,131,rtn_kid
3432,566,302,black_print
3433,566,273,tank
3434,566,61,OTHER
3435,567,131,rtn_kid
3436,567,302,black_print
3437,567,273,tank
3438,567,61,OTHER
3439,568,131,rtn_kid
3440,568,302,black_print
3441,568,273,tank
3442,568,61,OTHER
3443,569,131,rtn_kid
3444,569,273,tank
3445,569,302,black_print
3446,569,61,OTHER
3447,570,131,rtn_kid
3448,570,273,tank
3449,570,302,black_print
3450,570,61,OTHER
3451,571,131,rtn_kid
3452,571,273,tank
3453,571,302,black_print
3454,571,61,OTHER
3455,572,131,rtn_kid
3456,572,273,tank
3457,572,302,black_print
3458,572,61,OTHER
3459,573,131,rtn_kid
3460,573,273,tank
3461,573,61,OTHER
3462,573,302,black_print
3463,574,131,rtn_kid
3464,574,273,tank
3465,574,61,OTHER
3466,574,302,black_print
3467,575,131,rtn_kid
3468,575,274,tank
3469,575,302,black_print
3470,575,61,OTHER
3471,576,131,rtn_kid
3472,576,274,tank
3473,576,61,OTHER
3474,576,302,black_print
3475,577,131,rtn_kid
3476,577,274,tank
3477,577,61,OTHER
3478,577,302,black_print
3479,578,131,rtn_kid
3480,578,274,tank
3481,578,61,OTHER
3482,578,302,black_print
3483,579,131,rtn_kid
3484,579,274,tank
3485,579,61,OTHER
3486,580,131,rtn_kid
3487,580,274,tank
3488,580,61,OTHER
3489,580,302,black_print
3490,581,131,rtn_kid
3491,581,274,tank
3492,581,61,OTHER
3493,581,302,black_print
3494,582,131,rtn_kid
3495,582,274,tank
3496,582,61,OTHER
3497,582,302,black_print
3498,583,131,rtn_kid
3499,583,274,tank
3500,583,61,OTHER
3501,583,302,black_print
3502,584,131,rtn_kid
3503,584,274,tank
3504,584,61,OTHER
3505,584,302,black_print
3506,585,131,rtn_kid
3507,585,274,tank
3508,585,61,OTHER
3509,585,302,black_print
3510,586,131,rtn_kid
3511,586,274,tank
3512,586,61,OTHER
3513,586,302,black_print
3514,587,131,rtn_kid
3515,587,274,tank
3516,587,61,OTHER
3517,587,302,black_print
3518,588,131,rtn_kid
3519,588,274,tank
3520,588,61,OTHER
3521,588,302,black_print
3522,589,131,rtn_kid
3523,589,274,tank
3524,589,302,black_print
3525,589,61,OTHER
3526,590,131,rtn_kid
3527,590,302,black_print
3528,590,274,tank
3529,590,61,OTHER
3530,591,131,rtn_kid
3531,591,274,tank
3532,591,302,black_print
3533,591,61,OTHER
3534,592,131,rtn_kid
3535,592,274,tank
3536,592,302,black_print
3537,592,61,OTHER
3539,593,131,rtn_kid
3540,593,274,tank
3541,593,302,black_print
3542,593,61,OTHER
3543,594,131,rtn_kid
3544,594,274,tank
3545,594,302,black_print
3546,594,61,OTHER
3547,595,131,rtn_kid
3548,595,274,tank
3549,595,302,black_print
3550,595,61,OTHER
3551,596,131,rtn_kid
3552,596,274,tank
3553,596,302,black_print
3554,596,61,OTHER
3555,597,131,rtn_kid
3556,597,274,tank
3557,597,302,black_print
3558,597,61,OTHER
3559,598,131,rtn_kid
3560,598,274,tank
3561,598,302,black_print
3562,598,61,OTHER
3563,599,131,rtn_kid
3564,599,274,tank
3565,599,302,black_print
3566,599,62,OTHER
3567,600,131,rtn_kid
3568,600,274,tank
3569,600,302,black_print
3570,600,62,OTHER
3571,601,131,rtn_kid
3572,601,274,tank
3573,601,62,OTHER
3574,601,302,black_print
3575,602,131,rtn_kid
3576,602,274,tank
3577,602,302,black_print
3578,602,62,OTHER
3579,603,131,rtn_kid
3580,603,274,tank
3581,603,302,black_print
3582,603,62,OTHER
3583,604,131,rtn_kid
3584,604,274,tank
3585,604,302,black_print
3586,604,62,OTHER
3587,605,132,rtn_kid
3588,605,274,tank
3589,605,302,black_print
3590,605,62,OTHER
3591,606,132,rtn_kid
3592,606,274,tank
3593,606,302,black_print
3594,606,62,OTHER
3595,607,132,rtn_kid
3596,607,274,tank
3597,607,302,black_print
3598,607,62,OTHER
3600,608,132,rtn_kid
3601,608,274,tank
3603,608,62,OTHER
3604,609,132,rtn_kid
3605,609,274,tank
3606,609,62,OTHER
3608,610,132,rtn_kid
3610,610,62,OTHER
3612,611,132,rtn_kid
3614,611,62,OTHER
3616,612,132,rtn_kid
3617,612,276,tank
3618,612,62,OTHER
3619,613,132,rtn_kid
3620,613,276,tank
3621,613,62,OTHER
3622,614,132,rtn_kid
3623,614,276,tank
3624,614,62,OTHER
3625,615,132,rtn_kid
3626,615,276,tank
3627,615,62,OTHER
3628,616,132,rtn_kid
3629,616,276,tank
3630,616,62,OTHER
3631,617,132,rtn_kid
3632,617,276,tank
3633,617,62,OTHER
3634,618,132,rtn_kid
3635,618,276,tank
3636,618,62,OTHER
3637,619,132,rtn_kid
3638,619,276,tank
3639,619,62,OTHER
3641,620,132,rtn_kid
3642,620,276,tank
3643,620,62,OTHER
3644,620,306,navy_man
3645,621,132,rtn_kid
3646,621,276,tank
3647,621,62,OTHER
3648,621,306,navy_man
3649,622,132,rtn_kid
3650,622,276,tank
3651,622,62,OTHER
3652,622,306,navy_man
3653,623,132,rtn_kid
3654,623,277,tank
3655,623,306,navy_man
3656,623,62,OTHER
3658,624,132,rtn_kid
3659,624,277,tank
3660,624,306,navy_man
3661,624,62,OTHER
3663,625,132,rtn_kid
3664,625,277,tank
3665,625,306,navy_man
3666,625,62,OTHER
3668,626,132,rtn_kid
3669,626,277,tank
3670,626,306,navy_man
3671,626,62,OTHER
3675,627,132,rtn_kid
3676,627,306,navy_man
3677,627,277,tank
3678,627,62,OTHER
3679,627,305,AMBIG
3681,628,132,rtn_kid
3682,628,306,navy_man
3683,628,62,OTHER
3684,628,277,tank
3686,628,305,AMBIG
3687,629,133,rtn_kid
3688,629,306,navy_man
3689,629,324,red_shorts
3690,629,62,OTHER
3691,629,277,tank
3692,629,305,AMBIG
3693,630,133,rtn_kid
3694,630,306,navy_man
3695,630,324,red_shorts
3696,630,62,OTHER
3697,630,305,AMBIG
3698,630,277,tank
3700,631,133,rtn_kid
3701,631,306,navy_man
3702,631,324,red_shorts
3703,631,305,AMBIG
3704,631,62,OTHER
3705,631,277,tank
3706,632,133,rtn_kid
3707,632,324,red_shorts
3708,632,306,navy_man
3709,632,277,tank
3710,632,62,OTHER
3711,632,305,AMBIG
3712,633,133,rtn_kid
3713,633,306,navy_man
3714,633,324,red_shorts
3715,633,62,OTHER
3716,633,277,tank
3717,633,305,AMBIG
3718,634,133,rtn_kid
3719,634,306,navy_man
3720,634,325,red_shorts
3721,634,62,OTHER
3722,634,277,tank
3724,635,306,navy_man
3725,635,134,rtn_kid
3726,635,325,red_shorts
3727,635,62,OTHER
3728,636,134,rtn_kid
3729,636,306,navy_man
3730,636,325,red_shorts
3731,636,62,OTHER
3733,637,134,rtn_kid
3734,637,306,navy_man
3735,637,325,red_shorts
3736,637,62,OTHER
3738,638,306,navy_man
3739,638,325,red_shorts
3740,638,134,rtn_kid
3741,638,62,OTHER
3743,639,306,navy_man
3744,639,134,rtn_kid
3745,639,325,red_shorts
3746,639,62,OTHER
3748,640,306,navy_man
3749,640,134,rtn_kid
3750,640,325,red_shorts
3751,640,62,OTHER
3753,641,134,rtn_kid
3754,641,306,navy_man
3755,641,325,red_shorts
3756,641,62,OTHER
3757,641,327,OTHER
3758,642,134,rtn_kid
3759,642,306,navy_man
3760,642,325,red_shorts
3761,642,62,OTHER
3762,642,327,OTHER
3763,643,134,rtn_kid
3764,643,306,navy_man
3765,643,325,red_shorts
3766,643,62,OTHER
3767,643,327,OTHER
3768,644,134,rtn_kid
3769,644,306,navy_man
3770,644,325,red_shorts
3771,644,63,OTHER
3772,644,327,OTHER
3773,645,134,rtn_kid
3774,645,306,navy_man
3775,645,325,red_shorts
3776,645,63,OTHER
3777,645,327,OTHER
3778,646,134,rtn_kid
3779,646,325,red_shorts
3780,646,306,navy_man
3781,646,63,OTHER
3782,646,327,OTHER
3783,647,134,rtn_kid
3784,647,325,red_shorts
3785,647,306,navy_man
3786,647,63,OTHER
3787,647,327,OTHER
3788,648,134,rtn_kid
3789,648,325,red_shorts
3790,648,306,navy_man
3791,648,63,OTHER
3792,649,135,rtn_kid
3793,649,325,red_shorts
3794,649,306,navy_man
3795,649,63,OTHER
3796,649,278,tank
3797,650,135,rtn_kid
3798,650,325,red_shorts
3799,650,306,navy_man
3800,650,278,tank
3801,650,63,OTHER
3802,651,135,rtn_kid
3803,651,325,red_shorts
3804,651,306,navy_man
3805,651,63,OTHER
3806,651,278,tank
3807,652,135,rtn_kid
3808,652,306,navy_man
3809,652,325,red_shorts
3810,652,63,OTHER
3811,652,278,tank
3812,653,135,rtn_kid
3813,653,306,navy_man
3814,653,325,red_shorts
3815,653,63,OTHER
3816,653,278,tank
3817,654,136,rtn_kid
3818,654,325,red_shorts
3819,654,306,navy_man
3820,654,279,tank
3821,654,63,OTHER
3823,655,136,rtn_kid
3824,655,325,red_shorts
3825,655,306,navy_man
3826,655,279,tank
3827,655,63,OTHER
3829,656,136,rtn_kid
3830,656,325,red_shorts
3831,656,306,navy_man
3832,656,279,tank
3833,656,63,OTHER
3834,657,136,rtn_kid
3835,657,325,red_shorts
3836,657,306,navy_man
3837,657,279,tank
3838,657,63,OTHER
3839,658,136,rtn_kid
3840,658,325,red_shorts
3841,658,306,navy_man
3842,658,279,tank
3843,658,63,OTHER
3844,659,136,rtn_kid
3845,659,306,navy_man
3846,659,325,red_shorts
3847,659,279,tank
3848,659,63,OTHER
3851,660,136,rtn_kid
3852,660,306,navy_man
3853,660,325,red_shorts
3854,660,279,tank
3855,660,63,OTHER
3856,660,330,olive_man
3858,661,136,rtn_kid
3859,661,306,navy_man
3860,661,325,red_shorts
3861,661,279,tank
3862,661,63,OTHER
3863,661,330,olive_man
3866,662,306,navy_man
3867,662,325,red_shorts
3868,662,63,OTHER
3869,662,330,olive_man
3870,663,138,rtn_kid
3871,663,281,tank
3872,663,306,navy_man
3873,663,325,red_shorts
3874,663,330,olive_man
3875,663,63,OTHER
3876,664,138,rtn_kid
3877,664,281,tank
3878,664,306,navy_man
3879,664,325,red_shorts
3880,664,330,olive_man
3881,664,63,OTHER
3882,665,138,rtn_kid
3883,665,307,navy_man
3884,665,281,tank
3885,665,325,red_shorts
3886,665,330,olive_man
3887,665,63,OTHER
3888,666,138,rtn_kid
3889,666,307,navy_man
3890,666,281,tank
3891,666,325,red_shorts
3892,666,330,olive_man
3893,666,63,OTHER
3894,667,138,rtn_kid
3895,667,281,tank
3896,667,325,red_shorts
3897,667,307,navy_man
3898,667,330,olive_man
3899,668,138,rtn_kid
3900,668,281,tank
3901,668,325,red_shorts
3902,668,307,navy_man
3903,668,330,olive_man
3904,669,138,rtn_kid
3905,669,281,tank
3906,669,325,red_shorts
3907,669,307,navy_man
3908,669,330,olive_man
3909,670,138,rtn_kid
3910,670,281,tank
3911,670,307,navy_man
3912,670,325,red_shorts
3913,670,330,olive_man
3914,671,138,rtn_kid
3915,671,307,navy_man
3916,671,281,tank
3917,671,325,red_shorts
3918,671,330,olive_man
3919,672,138,rtn_kid
3920,672,307,navy_man
3921,672,325,red_shorts
3922,672,281,tank
3923,672,330,olive_man
3924,673,138,rtn_kid
3925,673,307,navy_man
3926,673,325,red_shorts
3927,673,330,olive_man
3928,673,282,tank
3930,674,138,rtn_kid
3931,674,325,red_shorts
3932,674,307,navy_man
3933,674,330,olive_man
3934,674,282,tank
3936,675,138,rtn_kid
3937,675,330,olive_man
3938,675,325,red_shorts
3939,675,307,navy_man
3940,675,282,tank
3942,676,138,rtn_kid
3943,676,330,olive_man
3944,676,307,navy_man
3945,676,325,red_shorts
3946,676,282,tank
3947,676,334,black_print
3948,677,138,rtn_kid
3949,677,330,olive_man
3950,677,325,red_shorts
3951,677,307,navy_man
3952,677,282,tank
3953,677,334,black_print
3954,678,138,rtn_kid
3955,678,330,olive_man
3956,678,326,red_shorts
3957,678,308,navy_man
3958,678,282,tank
3959,678,334,black_print
3960,679,138,rtn_kid
3961,679,330,olive_man
3962,679,326,red_shorts
3963,679,308,navy_man
3964,679,282,tank
3965,679,334,black_print
3966,680,138,rtn_kid
3967,680,330,olive_man
3968,680,326,red_shorts
3969,680,308,navy_man
3970,680,282,tank
3971,680,334,black_print
3972,681,138,rtn_kid
3973,681,330,olive_man
3974,681,326,red_shorts
3975,681,282,tank
3976,681,308,navy_man
3977,681,334,black_print
3978,681,64,OTHER
3979,682,138,rtn_kid
3980,682,330,olive_man
3981,682,282,tank
3982,682,326,red_shorts
3983,682,334,black_print
3984,682,308,navy_man
3985,682,64,OTHER
3986,683,138,rtn_kid
3987,683,330,olive_man
3988,683,282,tank
3989,683,326,red_shorts
3990,683,334,black_print
3991,683,308,navy_man
3992,683,64,OTHER
3993,684,138,rtn_kid
3994,684,330,olive_man
3995,684,282,tank
3996,684,334,black_print
3997,684,308,navy_man
3998,684,326,red_shorts
3999,684,64,OTHER
4000,685,138,rtn_kid
4001,685,330,olive_man
4002,685,282,tank
4003,685,334,black_print
4004,685,308,navy_man
4005,685,64,OTHER
4006,685,326,red_shorts
4007,686,138,rtn_kid
4008,686,330,olive_man
4009,686,282,tank
4010,686,308,navy_man
4011,686,334,black_print
4012,686,64,OTHER
4013,686,326,red_shorts
4014,687,138,rtn_kid
4015,687,330,olive_man
4016,687,282,tank
4017,687,308,navy_man
4018,687,334,black_print
4019,687,64,OTHER
4020,687,326,red_shorts
4021,688,138,rtn_kid
4022,688,330,olive_man
4023,688,309,navy_man
4024,688,282,tank
4025,688,334,black_print
4026,688,64,OTHER
4027,689,138,rtn_kid
4028,689,330,olive_man
4029,689,309,navy_man
4030,689,282,tank
4031,689,334,black_print
4032,689,64,OTHER
4033,690,138,rtn_kid
4034,690,330,olive_man
4035,690,309,navy_man
4036,690,282,tank
4037,690,334,black_print
4038,690,64,OTHER
4039,691,138,rtn_kid
4040,691,330,olive_man
4041,691,309,navy_man
4042,691,282,tank
4043,691,334,black_print
4044,691,64,OTHER
4045,692,138,rtn_kid
4046,692,330,olive_man
4047,692,309,navy_man
4048,692,282,tank
4049,692,334,black_print
4050,692,64,OTHER
4051,693,138,rtn_kid
4052,693,330,olive_man
4053,693,309,navy_man
4054,693,283,tank
4055,693,335,black_print
4056,693,64,OTHER
4057,694,138,rtn_kid
4058,694,330,olive_man
4059,694,309,navy_man
4060,694,283,tank
4061,694,335,black_print
4062,694,64,OTHER
4063,695,138,rtn_kid
4064,695,331,olive_man
4065,695,283,tank
4066,695,310,navy_man
4067,695,335,black_print
4068,695,64,OTHER
4071,696,138,rtn_kid
4072,696,331,olive_man
4073,696,283,tank
4074,696,335,black_print
4075,696,310,navy_man
4076,696,64,OTHER
4079,697,138,rtn_kid
4080,697,331,olive_man
4081,697,283,tank
4082,697,335,black_print
4083,697,310,navy_man
4084,697,347,AMBIG
4085,697,64,OTHER
4087,698,331,olive_man
4088,698,283,tank
4089,698,138,rtn_kid
4090,698,335,black_print
4091,698,310,navy_man
4092,698,347,AMBIG
4093,698,64,OTHER
4095,699,283,tank
4096,699,331,olive_man
4097,699,335,black_print
4098,699,347,AMBIG
4099,699,310,navy_man
4100,699,64,OTHER
4101,699,348,OTHER
4104,700,283,tank
4105,700,331,olive_man
4106,700,335,black_print
4107,700,310,navy_man
4108,700,347,AMBIG
4109,700,64,OTHER
4111,700,348,OTHER
4113,701,283,tank
4114,701,335,black_print
4115,701,331,olive_man
4116,701,310,navy_man
4117,701,64,OTHER
4118,701,347,AMBIG
4119,701,348,OTHER
4122,702,283,tank
4123,702,331,olive_man
4124,702,335,black_print
4125,702,64,OTHER
4126,702,310,navy_man
4128,702,347,AMBIG
4129,702,348,OTHER
4130,703,331,olive_man
4131,703,283,tank
4132,703,335,black_print
4133,703,310,navy_man
4134,703,64,OTHER
4136,703,348,OTHER
4137,704,331,olive_man
4138,704,283,tank
4139,704,335,black_print
4140,704,310,navy_man
4141,704,64,OTHER
4143,705,310,navy_man
4144,705,331,olive_man
4145,705,283,tank
4146,705,335,black_print
4147,705,64,OTHER
4149,706,283,tank
4151,706,335,black_print
4152,706,64,OTHER
4153,707,312,navy_man
4154,707,283,tank
4155,707,333,olive_man
4156,707,335,black_print
4157,707,64,OTHER
4158,708,312,navy_man
4159,708,284,tank
4160,708,333,olive_man
4161,708,336,black_print
4162,708,64,OTHER
4163,708,349,red_shorts
4164,709,312,navy_man
4165,709,284,tank
4166,709,333,olive_man
4167,709,349,red_shorts
4168,709,336,black_print
4169,709,64,OTHER
4170,710,284,tank
4171,710,312,navy_man
4172,710,333,olive_man
4173,710,349,red_shorts
4174,710,336,black_print
4175,710,64,OTHER
4176,711,284,tank
4177,711,312,navy_man
4178,711,349,red_shorts
4179,711,333,olive_man
4180,711,336,black_print
4181,711,64,OTHER
4182,712,284,tank
4183,712,349,red_shorts
4184,712,312,navy_man
4185,712,333,olive_man
4186,712,336,black_print
4187,712,64,OTHER
4188,713,285,tank
4189,713,349,red_shorts
4190,713,312,navy_man
4191,713,333,olive_man
4192,713,337,black_print
4193,713,64,OTHER
4194,714,349,red_shorts
4195,714,285,tank
4196,714,333,olive_man
4197,714,312,navy_man
4198,714,337,black_print
4199,714,64,OTHER
4200,715,285,tank
4201,715,349,red_shorts
4202,715,312,navy_man
4203,715,333,olive_man
4204,715,337,black_print
4205,715,64,OTHER
4206,716,285,tank
4207,716,349,red_shorts
4208,716,333,olive_man
4209,716,312,navy_man
4210,716,337,black_print
4211,716,64,OTHER
4212,717,285,tank
4213,717,349,red_shorts
4214,717,333,olive_man
4216,717,337,black_print
4217,717,64,OTHER
4218,718,285,tank
4219,718,350,red_shorts
4220,718,337,black_print
4221,718,333,olive_man
4222,718,314,navy_man
4223,718,64,OTHER
4224,719,285,tank
4225,719,350,red_shorts
4226,719,337,black_print
4227,719,64,OTHER
4228,719,333,olive_man
4229,719,314,navy_man
4230,720,285,tank
4231,720,350,red_shorts
4232,720,337,black_print
4233,720,333,olive_man
4234,720,314,navy_man
4235,720,64,OTHER
4237,721,285,tank
4238,721,350,red_shorts
4239,721,337,black_print
4240,721,314,navy_man
4241,721,64,OTHER
4242,721,333,olive_man
4244,722,285,tank
4245,722,350,red_shorts
4246,722,337,black_print
4247,722,314,navy_man
4248,722,64,OTHER
4249,722,333,olive_man
4252,723,285,tank
4253,723,350,red_shorts
4254,723,337,black_print
4255,723,314,navy_man
4256,723,64,OTHER
4257,723,333,olive_man
4260,724,285,tank
4261,724,350,red_shorts
4262,724,337,black_print
4263,724,314,navy_man
4264,724,64,OTHER
4265,724,333,olive_man
4268,725,350,red_shorts
4269,725,285,tank
4270,725,337,black_print
4271,725,314,navy_man
4272,725,64,OTHER
4273,725,333,olive_man
4275,726,285,tank
4276,726,350,red_shorts
4277,726,337,black_print
4278,726,314,navy_man
4279,726,65,OTHER
4280,726,333,olive_man
4282,727,285,tank
4283,727,350,red_shorts
4284,727,337,black_print
4285,727,314,navy_man
4286,727,65,OTHER
4287,727,333,olive_man
4289,728,285,tank
4290,728,350,red_shorts
4291,728,337,black_print
4292,728,65,OTHER
4293,728,314,navy_man
4294,728,333,olive_man
4296,729,285,tank
4297,729,350,red_shorts
4298,729,337,black_print
4299,729,65,OTHER
4300,729,314,navy_man
4301,729,333,olive_man
4303,730,285,tank
4304,730,350,red_shorts
4305,730,337,black_print
4306,730,314,navy_man
4307,730,65,OTHER
4308,730,333,olive_man
4310,731,285,tank
4311,731,350,red_shorts
4312,731,337,black_print
4313,731,314,navy_man
4314,731,65,OTHER
4315,731,333,olive_man
4317,732,285,tank
4318,732,350,red_shorts
4319,732,337,black_print
4320,732,65,OTHER
4321,732,314,navy_man
4322,732,333,olive_man
4323,732,351,OTHER
4324,733,285,tank
4325,733,350,red_shorts
4326,733,337,black_print
4327,733,65,OTHER
4328,733,314,navy_man
4329,733,333,olive_man
4330,733,351,OTHER
4331,734,285,tank
4332,734,337,black_print
4333,734,350,red_shorts
4334,734,65,OTHER
4335,734,314,navy_man
4336,734,333,olive_man
4337,734,351,OTHER
4338,735,285,tank
4339,735,337,black_print
4340,735,65,OTHER
4341,735,314,navy_man
4342,735,350,red_shorts
4343,735,351,OTHER
4344,735,333,olive_man
4345,736,285,tank
4346,736,337,black_print
4347,736,65,OTHER
4348,736,314,navy_man
4349,736,350,red_shorts
4350,736,351,OTHER
4351,736,333,olive_man
4352,737,285,tank
4353,737,337,black_print
4354,737,65,OTHER
4355,737,315,navy_man
4356,737,350,red_shorts
4357,737,351,OTHER
4359,738,285,tank
4360,738,337,black_print
4361,738,315,navy_man
4362,738,65,OTHER
4363,738,351,OTHER
4364,738,350,red_shorts
4366,739,285,tank
4367,739,337,black_print
4368,739,315,navy_man
4369,739,65,OTHER
4370,739,351,OTHER
4372,740,285,tank
4373,740,337,black_print
4374,740,315,navy_man
4375,740,65,OTHER
4376,740,351,OTHER
4378,741,285,tank
4379,741,337,black_print
4380,741,315,navy_man
4381,741,65,OTHER
4382,741,351,OTHER
4384,742,285,tank
4385,742,337,black_print
4386,742,315,navy_man
4387,742,65,OTHER
4388,742,351,OTHER
4390,743,285,tank
4391,743,337,black_print
4392,743,315,navy_man
4393,743,65,OTHER
4394,743,351,OTHER
4396,744,285,tank
4397,744,315,navy_man
4398,744,337,black_print
4399,744,65,OTHER
4400,744,351,OTHER
4401,745,285,tank
4402,745,315,navy_man
4403,745,337,black_print
4404,745,65,OTHER
4405,745,351,OTHER
4406,746,285,tank
4407,746,337,black_print
4408,746,315,navy_man
4409,746,65,OTHER
4410,746,351,OTHER
4411,747,285,tank
4412,747,315,navy_man
4413,747,337,black_print
4414,747,65,OTHER
4415,747,351,OTHER
4416,748,285,tank
4417,748,315,navy_man
4418,748,337,black_print
4419,748,65,OTHER
4421,748,351,OTHER
4422,749,285,tank
4423,749,315,navy_man
4424,749,337,black_print
4425,749,65,OTHER
4427,749,351,OTHER
4428,750,285,tank
4429,750,315,navy_man
4430,750,337,black_print
4431,750,65,OTHER
4433,750,351,OTHER
4434,751,285,tank
4435,751,315,navy_man
4436,751,337,black_print
4437,751,65,OTHER
4439,751,351,OTHER
4440,752,285,tank
4441,752,315,navy_man
4442,752,337,black_print
4443,752,65,OTHER
4444,752,351,OTHER
4446,753,285,tank
4447,753,315,navy_man
4448,753,337,black_print
4449,753,65,OTHER
4451,753,351,OTHER
4452,754,285,tank
4453,754,315,navy_man
4454,754,337,black_print
4455,754,65,OTHER
4457,754,351,OTHER
4458,755,285,tank
4459,755,315,navy_man
4460,755,337,black_print
4461,755,65,OTHER
4462,755,351,OTHER
4464,756,285,tank
4465,756,315,navy_man
4466,756,337,black_print
4467,756,65,OTHER
4468,756,351,OTHER
4470,757,285,tank
4471,757,315,navy_man
4472,757,337,black_print
4473,757,65,OTHER
4474,757,351,OTHER
4476,758,286,tank
4477,758,315,navy_man
4478,758,338,black_print
4479,758,65,OTHER
4480,758,351,OTHER
4482,759,286,tank
4483,759,315,navy_man
4484,759,338,black_print
4485,759,65,OTHER
4486,759,351,OTHER
4487,760,286,tank
4488,760,315,navy_man
4489,760,338,black_print
4490,760,65,OTHER
4491,760,351,OTHER
4492,761,286,tank
4493,761,315,navy_man
4494,761,338,black_print
4495,761,65,OTHER
4496,761,351,OTHER
4497,762,286,tank
4498,762,315,navy_man
4499,762,338,black_print
4500,762,65,OTHER
4501,762,351,OTHER
4502,763,286,tank
4503,763,315,navy_man
4504,763,338,black_print
4505,763,65,OTHER
4506,763,351,OTHER
4507,764,286,tank
4508,764,315,navy_man
4509,764,338,black_print
4510,764,65,OTHER
4511,764,351,OTHER
4512,765,286,tank
4513,765,315,navy_man
4514,765,338,black_print
4515,765,65,OTHER
4516,765,351,OTHER
4517,766,286,tank
4518,766,315,navy_man
4519,766,338,black_print
4520,766,65,OTHER
4521,766,351,OTHER
4522,767,286,tank
4523,767,315,navy_man
4524,767,338,black_print
4525,767,351,OTHER
4526,767,65,OTHER
4527,768,286,tank
4528,768,315,navy_man
4529,768,338,black_print
4530,768,351,OTHER
4531,768,65,OTHER
4532,769,286,tank
4533,769,315,navy_man
4534,769,338,black_print
4535,769,65,OTHER
4536,769,351,OTHER
4537,770,286,tank
4538,770,315,navy_man
4539,770,338,black_print
4540,770,65,OTHER
4541,770,351,OTHER
4542,771,286,tank
4543,771,315,navy_man
4544,771,338,black_print
4545,771,66,OTHER
4546,771,351,OTHER
4547,772,286,tank
4548,772,315,navy_man
4549,772,338,black_print
4550,772,66,OTHER
4551,772,351,OTHER
4552,773,286,tank
4553,773,338,black_print
4554,773,315,navy_man
4555,773,66,OTHER
4558,774,286,tank
4559,774,315,navy_man
4560,774,338,black_print
4561,774,66,OTHER
4562,774,353,OTHER
4563,774,354,OTHER
4564,775,286,tank
4565,775,315,navy_man
4566,775,338,black_print
4567,775,66,OTHER
4568,775,353,OTHER
4569,775,354,OTHER
4570,776,286,tank
4571,776,338,black_print
4572,776,315,navy_man
4573,776,66,OTHER
4574,776,353,OTHER
4575,776,354,OTHER
4576,777,286,tank
4577,777,315,navy_man
4578,777,338,black_print
4579,777,66,OTHER
4580,777,353,OTHER
4581,777,354,OTHER
4582,778,286,tank
4583,778,315,navy_man
4584,778,338,black_print
4585,778,353,OTHER
4586,778,66,OTHER
4587,778,354,OTHER
4588,779,286,tank
4589,779,315,navy_man
4590,779,338,black_print
4591,779,353,OTHER
4592,779,354,OTHER
4593,779,66,OTHER
4594,780,286,tank
4595,780,315,navy_man
4596,780,338,black_print
4597,780,353,OTHER
4598,780,354,OTHER
4599,780,66,OTHER
4600,781,286,tank
4601,781,315,navy_man
4602,781,338,black_print
4603,781,353,OTHER
4604,781,354,OTHER
4605,781,66,OTHER
4606,782,286,tank
4607,782,316,navy_man
4608,782,338,black_print
4609,782,353,OTHER
4610,782,354,OTHER
4611,782,66,OTHER
4612,783,287,tank
4613,783,316,navy_man
4614,783,339,black_print
4615,783,353,OTHER
4616,783,354,OTHER
4617,783,66,OTHER
4618,784,287,tank
4619,784,316,navy_man
4620,784,339,black_print
4621,784,353,OTHER
4622,784,354,OTHER
4623,784,66,OTHER
4625,785,287,tank
4626,785,316,navy_man
4627,785,339,black_print
4628,785,353,OTHER
4629,785,66,OTHER
4630,785,354,OTHER
4631,785,359,OTHER
4632,786,287,tank
4633,786,316,navy_man
4634,786,353,OTHER
4635,786,66,OTHER
4636,786,339,black_print
4637,786,354,OTHER
4638,786,359,OTHER
4639,787,287,tank
4640,787,316,navy_man
4641,787,353,OTHER
4642,787,66,OTHER
4643,787,339,black_print
4644,787,354,OTHER
4645,787,359,OTHER
4646,788,287,tank
4647,788,316,navy_man
4648,788,353,OTHER
4649,788,66,OTHER
4650,788,354,OTHER
4651,788,339,black_print
4652,788,359,OTHER
4653,789,287,tank
4654,789,316,navy_man
4655,789,66,OTHER
4656,789,353,OTHER
4657,789,354,OTHER
4658,789,339,black_print
4659,789,359,OTHER
4660,790,287,tank
4661,790,316,navy_man
4662,790,66,OTHER
4663,790,354,OTHER
4664,790,339,black_print
4665,790,359,OTHER
4666,790,353,OTHER
4667,791,287,tank
4668,791,316,navy_man
4669,791,66,OTHER
4670,791,354,OTHER
4671,791,359,OTHER
4672,791,339,black_print
4674,791,353,OTHER
4675,792,287,tank
4676,792,316,navy_man
4677,792,66,OTHER
4678,792,354,OTHER
4679,792,339,black_print
4680,792,359,OTHER
4682,793,287,tank
4683,793,316,navy_man
4684,793,66,OTHER
4685,793,354,OTHER
4686,793,361,AMBIG
4687,793,339,black_print
4689,793,359,OTHER
4690,794,287,tank
4691,794,316,navy_man
4692,794,66,OTHER
4693,794,361,AMBIG
4694,794,354,OTHER
4696,794,339,black_print
4698,794,359,OTHER
4700,795,317,navy_man
4701,795,361,AMBIG
4702,795,66,OTHER
4703,795,354,OTHER
4707,795,359,OTHER
4708,796,317,navy_man
4710,796,361,AMBIG
4711,796,66,OTHER
4712,796,354,OTHER
4716,796,359,OTHER
4717,797,317,navy_man
4718,797,361,AMBIG
4719,797,364,rtn_kid
4721,797,378,olive_man
4722,797,66,OTHER
4723,797,354,OTHER
4725,797,359,OTHER
4726,798,364,rtn_kid
4727,798,317,navy_man
4729,798,361,AMBIG
4730,798,378,olive_man
4731,798,66,OTHER
4732,798,354,OTHER
4733,798,341,AMBIG
4734,798,359,OTHER
4735,799,364,rtn_kid
4737,799,317,navy_man
4738,799,361,AMBIG
4739,799,378,olive_man
4740,799,66,OTHER
4741,799,354,OTHER
4742,800,364,rtn_kid
4743,800,317,navy_man
4745,800,361,AMBIG
4746,800,378,olive_man
4747,800,354,OTHER
4748,800,66,OTHER
4749,800,341,AMBIG
4750,801,364,rtn_kid
4752,801,361,AMBIG
4753,801,317,navy_man
4754,801,378,olive_man
4755,801,354,OTHER
4756,801,66,OTHER
4757,801,341,AMBIG
4760,802,318,navy_man
4761,802,361,AMBIG
4763,802,379,olive_man
4764,802,66,OTHER
4765,802,341,AMBIG
4768,803,318,navy_man
4769,803,361,AMBIG
4770,803,66,OTHER
4771,803,379,olive_man
4775,804,318,navy_man
4777,804,361,AMBIG
4778,804,66,OTHER
4779,804,379,olive_man
4781,804,341,AMBIG
4782,805,368,rtn_kid
4783,805,318,navy_man
4785,805,361,AMBIG
4786,805,66,OTHER
4787,805,379,olive_man
4788,805,358,OTHER
4789,805,341,AMBIG
4790,806,368,rtn_kid
4791,806,318,navy_man
4793,806,361,AMBIG
4794,806,66,OTHER
4795,806,379,olive_man
4796,806,358,OTHER
4797,806,341,AMBIG
4798,807,368,rtn_kid
4799,807,318,navy_man
4801,807,361,AMBIG
4802,807,66,OTHER
4803,807,379,olive_man
4804,807,358,OTHER
4805,808,368,rtn_kid
4806,808,295,tank
4807,808,319,navy_man
4808,808,66,OTHER
4809,808,362,AMBIG
4810,808,379,olive_man
4811,808,358,OTHER
4812,808,341,AMBIG
4813,809,368,rtn_kid
4814,809,295,tank
4815,809,319,navy_man
4816,809,379,olive_man
4817,809,362,AMBIG
4818,809,66,OTHER
4819,809,358,OTHER
4820,809,341,AMBIG
4821,810,368,rtn_kid
4822,810,295,tank
4823,810,319,navy_man
4824,810,379,olive_man
4825,810,362,AMBIG
4826,810,66,OTHER
4827,810,341,AMBIG
4828,810,358,OTHER
4829,811,368,rtn_kid
4830,811,319,navy_man
4831,811,295,tank
4833,811,66,OTHER
4834,811,341,AMBIG
4835,811,362,AMBIG
4836,812,368,rtn_kid
4837,812,295,tank
4838,812,319,navy_man
4839,812,381,olive_man
4840,812,66,OTHER
4841,812,341,AMBIG
4843,812,362,AMBIG
4844,813,368,rtn_kid
4845,813,320,navy_man
4846,813,296,tank
4847,813,381,olive_man
4848,813,389,OTHER
4851,814,368,rtn_kid
4852,814,320,navy_man
4853,814,381,olive_man
4854,814,296,tank
4855,814,389,OTHER
4856,814,400,OTHER
4857,815,368,rtn_kid
4858,815,320,navy_man
4859,815,296,tank
4860,815,381,olive_man
4861,815,389,OTHER
4862,815,400,OTHER
4864,816,368,rtn_kid
4865,816,320,navy_man
4866,816,381,olive_man
4867,816,296,tank
4868,816,389,OTHER
4869,816,400,OTHER
4870,816,412,OTHER
4871,817,368,rtn_kid
4872,817,320,navy_man
4873,817,381,olive_man
4874,817,296,tank
4875,817,389,OTHER
4876,817,412,OTHER
4877,817,400,OTHER
4878,818,368,rtn_kid
4879,818,321,navy_man
4880,818,381,olive_man
4881,818,389,OTHER
4882,818,296,tank
4883,818,412,OTHER
4884,818,400,OTHER
4886,819,368,rtn_kid
4887,819,321,navy_man
4888,819,381,olive_man
4889,819,296,tank
4890,819,389,OTHER
4891,819,412,OTHER
4892,819,400,OTHER
4893,819,416,AMBIG
4894,820,368,rtn_kid
4895,820,321,navy_man
4896,820,381,olive_man
4897,820,296,tank
4898,820,389,OTHER
4899,820,412,OTHER
4900,820,416,AMBIG
4901,820,400,OTHER
4902,821,368,rtn_kid
4903,821,321,navy_man
4905,821,381,olive_man
4906,821,416,AMBIG
4907,821,389,OTHER
4908,821,412,OTHER
4909,821,400,OTHER
4911,822,368,rtn_kid
4912,822,298,tank
4913,822,381,olive_man
4914,822,321,navy_man
4915,822,416,AMBIG
4916,822,389,OTHER
4917,822,412,OTHER
4918,822,400,OTHER
4919,823,368,rtn_kid
4920,823,416,AMBIG
4921,823,298,tank
4922,823,381,olive_man
4923,823,321,navy_man
4924,823,389,OTHER
4925,823,412,OTHER
4926,823,400,OTHER
4927,824,368,rtn_kid
4928,824,416,AMBIG
4929,824,298,tank
4930,824,381,olive_man
4931,824,321,navy_man
4932,824,412,OTHER
4933,824,389,OTHER
4934,825,368,rtn_kid
4935,825,416,AMBIG
4936,825,298,tank
4937,825,382,olive_man
4938,825,322,navy_man
4939,825,389,OTHER
4940,825,412,OTHER
4941,826,368,rtn_kid
4942,826,416,AMBIG
4943,826,382,olive_man
4944,826,298,tank
4945,826,322,navy_man
4946,826,389,OTHER
4947,826,412,OTHER
4949,827,368,rtn_kid
4950,827,382,olive_man
4951,827,416,AMBIG
4952,827,298,tank
4953,827,322,navy_man
4954,827,389,OTHER
4955,827,412,OTHER
4956,827,425,OTHER
4957,828,368,rtn_kid
4958,828,382,olive_man
4959,828,416,AMBIG
4960,828,412,OTHER
4961,828,298,tank
4962,828,322,navy_man
4963,828,425,OTHER
4964,828,389,OTHER
4965,829,368,rtn_kid
4966,829,382,olive_man
4967,829,416,AMBIG
4968,829,412,OTHER
4969,829,322,navy_man
4970,829,298,tank
4971,829,389,OTHER
4972,829,425,OTHER
4973,830,368,rtn_kid
4974,830,382,olive_man
4975,830,416,AMBIG
4976,830,412,OTHER
4977,830,298,tank
4978,830,425,OTHER
4979,830,389,OTHER
4980,830,322,navy_man
4981,831,368,rtn_kid
4982,831,382,olive_man
4983,831,298,tank
4984,831,416,AMBIG
4985,831,412,OTHER
4986,831,389,OTHER
4987,831,425,OTHER
4988,831,322,navy_man
4989,832,368,rtn_kid
4990,832,382,olive_man
4991,832,298,tank
4992,832,389,OTHER
4993,832,416,AMBIG
4994,832,412,OTHER
4995,832,425,OTHER
4996,832,322,navy_man
4997,833,368,rtn_kid
4998,833,298,tank
4999,833,382,olive_man
5000,833,389,OTHER
5001,833,425,OTHER
5002,833,412,OTHER
5003,833,416,AMBIG
5004,834,368,rtn_kid
5005,834,298,tank
5006,834,382,olive_man
5007,834,389,OTHER
5008,834,425,OTHER
5009,834,412,OTHER
5010,834,416,AMBIG
5011,835,368,rtn_kid
5012,835,298,tank
5013,835,382,olive_man
5014,835,389,OTHER
5015,835,425,OTHER
5016,835,412,OTHER
5017,835,416,AMBIG
5019,836,368,rtn_kid
5020,836,298,tank
5022,836,389,OTHER
5023,836,425,OTHER
5024,836,412,OTHER
5025,836,401,OTHER
5026,837,368,rtn_kid
5027,837,298,tank
5029,837,425,OTHER
5030,837,389,OTHER
5031,837,412,OTHER
5032,837,401,OTHER
5033,838,368,rtn_kid
5034,838,417,olive_man
5035,838,298,tank
5036,838,389,OTHER
5037,838,425,OTHER
5038,838,412,OTHER
5039,838,401,OTHER
5040,839,368,rtn_kid
5041,839,417,olive_man
5042,839,298,tank
5043,839,425,OTHER
5044,839,389,OTHER
5045,839,401,OTHER
5046,839,412,OTHER
5047,840,368,rtn_kid
5048,840,417,olive_man
5049,840,298,tank
5050,840,425,OTHER
5051,840,389,OTHER
5052,840,412,OTHER
5053,840,401,OTHER
5054,841,368,rtn_kid
5055,841,417,olive_man
5056,841,425,OTHER
5057,841,298,tank
5058,841,389,OTHER
5059,841,401,OTHER
5060,841,412,OTHER
5061,842,368,rtn_kid
5062,842,417,olive_man
5063,842,298,tank
5064,842,425,OTHER
5065,842,389,OTHER
5066,842,412,OTHER
5067,842,401,OTHER
5068,843,368,rtn_kid
5069,843,298,tank
5070,843,384,olive_man
5071,843,425,OTHER
5072,843,401,OTHER
5073,843,412,OTHER
5074,843,389,OTHER
5075,844,368,rtn_kid
5076,844,299,tank
5077,844,384,olive_man
5078,844,425,OTHER
5079,844,412,OTHER
5080,844,401,OTHER
5081,844,389,OTHER
5083,845,368,rtn_kid
5084,845,384,olive_man
5085,845,299,tank
5086,845,425,OTHER
5087,845,412,OTHER
5088,845,401,OTHER
5089,845,389,OTHER
5090,845,343,black_print
5091,846,368,rtn_kid
5092,846,384,olive_man
5093,846,299,tank
5094,846,389,OTHER
5095,846,401,OTHER
5096,846,412,OTHER
5097,846,425,OTHER
5098,846,343,black_print
5099,847,368,rtn_kid
5100,847,384,olive_man
5101,847,299,tank
5102,847,389,OTHER
5103,847,412,OTHER
5104,847,401,OTHER
5105,847,343,black_print
5106,847,425,OTHER
5107,848,368,rtn_kid
5108,848,385,olive_man
5109,848,299,tank
5110,848,343,black_print
5111,848,389,OTHER
5112,848,425,OTHER
5113,848,401,OTHER
5114,848,412,OTHER
5115,848,418,black_khaki_man
5116,849,368,rtn_kid
5117,849,385,olive_man
5118,849,299,tank
5119,849,343,black_print
5120,849,390,OTHER
5121,849,425,OTHER
5122,849,401,OTHER
5123,849,413,OTHER
5124,849,418,black_khaki_man
5125,850,369,rtn_kid
5126,850,300,tank
5127,850,385,olive_man
5128,850,344,black_print
5129,850,390,OTHER
5130,850,413,OTHER
5131,850,401,OTHER
5132,850,425,OTHER
5133,850,418,black_khaki_man
5134,851,369,rtn_kid
5135,851,300,tank
5136,851,344,black_print
5137,851,385,olive_man
5138,851,418,black_khaki_man
5139,851,390,OTHER
5140,851,401,OTHER
5141,851,413,OTHER
5142,851,425,OTHER
5143,852,369,rtn_kid
5144,852,344,black_print
5145,852,385,olive_man
5146,852,300,tank
5147,852,418,black_khaki_man
5148,852,390,OTHER
5149,852,413,OTHER
5150,852,401,OTHER
5151,852,425,OTHER
5152,853,369,rtn_kid
5153,853,385,olive_man
5154,853,344,black_print
5155,853,300,tank
5156,853,390,OTHER
5157,853,418,black_khaki_man
5158,853,401,OTHER
5159,853,413,OTHER
5160,853,425,OTHER
5161,854,369,rtn_kid
5162,854,344,black_print
5163,854,385,olive_man
5164,854,390,OTHER
5165,854,418,black_khaki_man
5166,854,401,OTHER
5167,854,300,tank
5168,854,413,OTHER
5169,854,425,OTHER
5170,855,369,rtn_kid
5171,855,344,black_print
5172,855,385,olive_man
5173,855,418,black_khaki_man
5174,855,390,OTHER
5175,855,300,tank
5176,855,401,OTHER
5177,855,413,OTHER
5178,855,425,OTHER
5179,856,370,rtn_kid
5180,856,344,black_print
5181,856,386,olive_man
5182,856,419,black_khaki_man
5183,856,301,tank
5184,856,391,OTHER
5185,856,401,OTHER
5186,856,414,OTHER
5187,856,425,OTHER
5188,857,370,rtn_kid
5189,857,344,black_print
5190,857,419,black_khaki_man
5191,857,386,olive_man
5192,857,301,tank
5193,857,401,OTHER
5194,857,414,OTHER
5195,857,391,OTHER
5196,857,425,OTHER
5197,858,370,rtn_kid
5198,858,419,black_khaki_man
5199,858,344,black_print
5200,858,414,OTHER
5201,858,425,OTHER
5202,858,391,OTHER
5203,858,401,OTHER
5204,858,301,tank
5205,858,386,olive_man
5206,859,370,rtn_kid
5207,859,419,black_khaki_man
5208,859,344,black_print
5209,859,386,olive_man
5210,859,414,OTHER
5211,859,425,OTHER
5212,859,391,OTHER
5213,859,401,OTHER
5214,859,301,tank
5215,860,370,rtn_kid
5216,860,344,black_print
5217,860,419,black_khaki_man
5218,860,386,olive_man
5219,860,414,OTHER
5220,860,391,OTHER
5221,860,425,OTHER
5222,860,401,OTHER
5223,860,301,tank
5224,861,371,rtn_kid
5225,861,344,black_print
5226,861,386,olive_man
5227,861,419,black_khaki_man
5228,861,414,OTHER
5229,861,425,OTHER
5230,861,391,OTHER
5231,861,401,OTHER
5232,862,371,rtn_kid
5233,862,344,black_print
5234,862,386,olive_man
5235,862,419,black_khaki_man
5236,862,414,OTHER
5237,862,425,OTHER
5238,862,401,OTHER
5239,862,391,OTHER
5240,863,371,rtn_kid
5241,863,386,olive_man
5242,863,419,black_khaki_man
5243,863,344,black_print
5244,863,401,OTHER
5245,863,425,OTHER
5246,863,415,OTHER
5247,863,392,OTHER
5248,864,371,rtn_kid
5249,864,419,black_khaki_man
5250,864,386,olive_man
5251,864,344,black_print
5252,864,401,OTHER
5253,864,425,OTHER
5254,864,415,OTHER
5255,864,392,OTHER
5256,865,371,rtn_kid
5257,865,420,black_khaki_man
5258,865,387,olive_man
5259,865,401,OTHER
5260,865,344,black_print
5261,865,425,OTHER
5262,865,415,OTHER
5263,865,392,OTHER
5265,866,420,black_khaki_man
5266,866,387,olive_man
5267,866,401,OTHER
5268,866,425,OTHER
5269,866,392,OTHER
5270,866,415,OTHER
5274,867,420,black_khaki_man
5275,867,387,olive_man
5276,867,425,OTHER
5277,867,392,OTHER
5278,867,401,OTHER
5279,867,415,OTHER
5283,868,420,black_khaki_man
5284,868,425,OTHER
5285,868,387,olive_man
5286,868,392,OTHER
5287,868,415,OTHER
5289,868,401,OTHER
5292,869,420,black_khaki_man
5293,869,425,OTHER
5294,869,392,OTHER
5295,869,415,OTHER
5296,869,387,olive_man
5297,869,401,OTHER
5300,870,420,black_khaki_man
5301,870,425,OTHER
5302,870,392,OTHER
5303,870,387,olive_man
5304,870,415,OTHER
5306,870,401,OTHER
5309,871,392,OTHER
5310,871,388,olive_man
5311,871,415,OTHER
5312,871,425,OTHER
5313,871,401,OTHER
5315,872,375,rtn_kid
5316,872,392,OTHER
5317,872,426,OTHER
5318,872,415,OTHER
5319,872,401,OTHER
5321,872,388,olive_man
5322,872,434,tank
5323,873,375,rtn_kid
5324,873,392,OTHER
5325,873,415,OTHER
5326,873,401,OTHER
5327,873,426,OTHER
5328,873,434,tank
5329,873,388,olive_man
5332,874,375,rtn_kid
5333,874,392,OTHER
5334,874,415,OTHER
5335,874,401,OTHER
5336,874,434,tank
5337,874,426,OTHER
5339,874,388,olive_man
5340,875,375,rtn_kid
5341,875,392,OTHER
5342,875,426,OTHER
5343,875,415,OTHER
5344,875,434,tank
5345,875,401,OTHER
5347,875,388,olive_man
5348,876,375,rtn_kid
5349,876,392,OTHER
5350,876,401,OTHER
5351,876,415,OTHER
5352,876,426,OTHER
5353,876,434,tank
5354,877,375,rtn_kid
5355,877,434,tank
5356,877,392,OTHER
5357,877,415,OTHER
5358,877,401,OTHER
5359,877,426,OTHER
5360,878,375,rtn_kid
5361,878,434,tank
5362,878,392,OTHER
5363,878,415,OTHER
5364,878,401,OTHER
5365,878,426,OTHER
5366,879,375,rtn_kid
5367,879,434,tank
5368,879,392,OTHER
5369,879,415,OTHER
5370,879,401,OTHER
5371,879,426,OTHER
5373,880,375,rtn_kid
5374,880,434,tank
5375,880,392,OTHER
5376,880,415,OTHER
5377,880,426,OTHER
5378,880,401,OTHER
5380,881,375,rtn_kid
5381,881,434,tank
5382,881,392,OTHER
5383,881,444,black_print
5384,881,415,OTHER
5385,881,426,OTHER
5387,882,375,rtn_kid
5388,882,434,tank
5389,882,444,black_print
5390,882,392,OTHER
5391,882,415,OTHER
5392,882,426,OTHER
5394,883,434,tank
5395,883,375,rtn_kid
5396,883,392,OTHER
5397,883,444,black_print
5398,883,426,OTHER
5399,883,415,OTHER
5400,884,434,tank
5401,884,375,rtn_kid
5402,884,444,black_print
5404,884,426,OTHER
5405,885,434,tank
5406,885,375,rtn_kid
5407,885,444,black_print
5409,885,426,OTHER
5410,886,434,tank
5411,886,375,rtn_kid
5412,886,444,black_print
5414,886,426,OTHER
5415,886,403,OTHER
5416,887,434,tank
5417,887,444,black_print
5418,887,375,rtn_kid
5419,887,394,OTHER
5420,887,427,OTHER
5421,888,434,tank
5422,888,444,black_print
5423,888,394,OTHER
5426,888,427,OTHER
5427,889,434,tank
5428,889,444,black_print
5429,889,424,black_khaki_man
5430,889,394,OTHER
5431,889,427,OTHER
5432,889,377,AMBIG
5433,889,403,OTHER
5434,890,424,black_khaki_man
5435,890,444,black_print
5436,890,434,tank
5437,890,394,OTHER
5438,890,427,OTHER
5439,890,403,OTHER
5440,890,377,AMBIG
5441,891,434,tank
5442,891,444,black_print
5443,891,424,black_khaki_man
5444,891,394,OTHER
5445,891,403,OTHER
5446,891,377,AMBIG
5447,891,427,OTHER
5448,892,434,tank
5449,892,444,black_print
5450,892,424,black_khaki_man
5451,892,395,OTHER
5452,892,377,AMBIG
5453,892,403,OTHER
5454,893,434,tank
5455,893,444,black_print
5456,893,424,black_khaki_man
5457,893,395,OTHER
5458,893,377,AMBIG
5459,893,403,OTHER
5460,894,434,tank
5461,894,444,black_print
5462,894,424,black_khaki_man
5463,894,395,OTHER
5464,894,403,OTHER
5465,894,377,AMBIG
5466,895,434,tank
5467,895,444,black_print
5468,895,424,black_khaki_man
5469,895,395,OTHER
5470,895,403,OTHER
5471,895,377,AMBIG
5472,896,434,tank
5473,896,444,black_print
5474,896,424,black_khaki_man
5475,896,395,OTHER
5476,896,403,OTHER
5477,897,434,tank
5478,897,444,black_print
5479,897,395,OTHER
5480,897,424,black_khaki_man
5481,897,403,OTHER
5483,898,434,tank
5485,898,424,black_khaki_man
5486,898,444,black_print
5487,898,403,OTHER
5489,899,434,tank
5490,899,397,OTHER
5491,899,403,OTHER
5492,899,444,black_print
5493,899,424,black_khaki_man
5494,899,428,OTHER
5495,900,434,tank
5496,900,397,OTHER
5497,900,403,OTHER
5498,900,428,OTHER
5499,900,424,black_khaki_man
5500,900,444,black_print
5501,901,434,tank
5502,901,397,OTHER
5503,901,403,OTHER
5504,901,444,black_print
5505,901,428,OTHER
5506,901,424,black_khaki_man
5507,902,434,tank
5508,902,397,OTHER
5509,902,403,OTHER
5510,902,428,OTHER
5511,902,424,black_khaki_man
5512,902,444,black_print
5513,903,434,tank
5514,903,397,OTHER
5515,903,444,black_print
5516,903,428,OTHER
5517,903,403,OTHER
5518,904,434,tank
5519,904,397,OTHER
5520,904,444,black_print
5521,904,403,OTHER
5522,904,428,OTHER
5523,905,434,tank
5524,905,397,OTHER
5525,905,444,black_print
5526,905,403,OTHER
5529,906,434,tank
5530,906,397,OTHER
5531,906,444,black_print
5532,906,430,OTHER
5533,906,403,OTHER
5534,907,434,tank
5535,907,397,OTHER
5536,907,444,black_print
5537,907,430,OTHER
5538,907,403,OTHER
5539,908,434,tank
5540,908,397,OTHER
5541,908,444,black_print
5542,908,403,OTHER
5543,908,430,OTHER
5544,909,434,tank
5545,909,397,OTHER
5546,909,444,black_print
5547,909,403,OTHER
5548,909,430,OTHER
5549,910,434,tank
5550,910,444,black_print
5551,910,397,OTHER
5552,910,403,OTHER
5553,910,430,OTHER
5554,911,434,tank
5555,911,444,black_print
5556,911,397,OTHER
5557,911,403,OTHER
5558,911,430,OTHER
5559,912,434,tank
5560,912,444,black_print
5561,912,397,OTHER
5562,912,403,OTHER
5563,913,434,tank
5564,913,444,black_print
5565,913,397,OTHER
5566,913,403,OTHER
5567,914,434,tank
5568,914,444,black_print
5569,914,397,OTHER
5570,914,403,OTHER
5571,915,434,tank
5572,915,444,black_print
5573,915,397,OTHER
5574,915,403,OTHER
5575,916,434,tank
5576,916,444,black_print
5577,916,403,OTHER
5578,916,397,OTHER
5579,917,435,tank
5580,917,444,black_print
5581,917,397,OTHER
5582,917,403,OTHER
5583,918,435,tank
5584,918,444,black_print
5585,918,397,OTHER
5586,918,403,OTHER
5587,919,435,tank
5588,919,444,black_print
5589,919,397,OTHER
5590,919,403,OTHER
5591,920,435,tank
5592,920,444,black_print
5593,920,397,OTHER
5594,920,403,OTHER
5596,921,435,tank
5597,921,444,black_print
5598,921,397,OTHER
5599,921,403,OTHER
5601,922,435,tank
5602,922,444,black_print
5603,922,397,OTHER
5604,922,403,OTHER
5606,923,435,tank
5607,923,444,black_print
5608,923,397,OTHER
5609,923,403,OTHER
5611,924,444,black_print
5612,924,435,tank
5613,924,397,OTHER
5614,924,403,OTHER
5615,924,449,olive_man
5616,925,444,black_print
5617,925,435,tank
5618,925,397,OTHER
5619,925,403,OTHER
5620,925,449,olive_man
5621,926,445,black_print
5622,926,435,tank
5623,926,397,OTHER
5624,926,449,olive_man
5625,926,403,OTHER
5626,927,445,black_print
5627,927,435,tank
5628,927,397,OTHER
5629,927,449,olive_man
5630,927,403,OTHER
5631,928,445,black_print
5632,928,435,tank
5633,928,397,OTHER
5634,928,403,OTHER
5635,928,449,olive_man
5636,929,445,black_print
5637,929,435,tank
5638,929,397,OTHER
5639,929,403,OTHER
5640,929,449,olive_man
5641,930,445,black_print
5642,930,435,tank
5643,930,397,OTHER
5644,930,403,OTHER
5645,930,449,olive_man
5646,931,435,tank
5647,931,445,black_print
5648,931,397,OTHER
5649,931,403,OTHER
5650,931,449,olive_man
5651,932,435,tank
5652,932,445,black_print
5653,932,397,OTHER
5654,932,403,OTHER
5655,932,449,olive_man
5656,933,435,tank
5657,933,397,OTHER
5658,933,445,black_print
5659,933,404,OTHER
5660,933,449,olive_man
5661,934,435,tank
5662,934,397,OTHER
5663,934,445,black_print
5664,934,404,OTHER
5665,934,449,olive_man
5666,935,435,tank
5667,935,397,OTHER
5668,935,445,black_print
5669,935,404,OTHER
5670,935,449,olive_man
5671,936,435,tank
5672,936,397,OTHER
5673,936,445,black_print
5674,936,449,olive_man
5675,936,404,OTHER
5676,937,435,tank
5677,937,397,OTHER
5678,937,445,black_print
5679,937,449,olive_man
5680,937,404,OTHER
5681,938,435,tank
5682,938,449,olive_man
5683,938,445,black_print
5684,938,397,OTHER
5685,938,404,OTHER
5686,939,435,tank
5687,939,449,olive_man
5688,939,397,OTHER
5689,939,445,black_print
5690,939,404,OTHER
5691,940,435,tank
5692,940,449,olive_man
5693,940,397,OTHER
5694,940,445,black_print
5695,940,404,OTHER
5696,941,435,tank
5697,941,449,olive_man
5698,941,445,black_print
5699,941,397,OTHER
5700,941,404,OTHER
5701,942,435,tank
5702,942,449,olive_man
5703,942,445,black_print
5704,942,397,OTHER
5705,942,404,OTHER
5706,943,435,tank
5707,943,445,black_print
5708,943,449,olive_man
5709,943,397,OTHER
5710,943,404,OTHER
5711,944,435,tank
5712,944,449,olive_man
5713,944,445,black_print
5714,944,398,OTHER
5715,944,404,OTHER
5716,945,435,tank
5717,945,449,olive_man
5718,945,445,black_print
5719,945,398,OTHER
5720,945,404,OTHER
5721,946,435,tank
5722,946,449,olive_man
5723,946,445,black_print
5724,946,404,OTHER
5725,946,398,OTHER
5726,947,435,tank
5727,947,449,olive_man
5728,947,445,black_print
5729,947,404,OTHER
5730,947,398,OTHER
5731,948,435,tank
5732,948,449,olive_man
5733,948,445,black_print
5734,948,404,OTHER
5735,948,398,OTHER
5736,949,435,tank
5737,949,445,black_print
5738,949,449,olive_man
5739,949,404,OTHER
5740,949,398,OTHER
5741,950,435,tank
5742,950,449,olive_man
5743,950,445,black_print
5744,950,404,OTHER
5745,950,398,OTHER
5746,951,435,tank
5747,951,449,olive_man
5748,951,445,black_print
5749,951,404,OTHER
5750,951,398,OTHER
5751,952,435,tank
5752,952,449,olive_man
5753,952,445,black_print
5754,952,404,OTHER
5755,952,398,OTHER
5756,953,435,tank
5757,953,449,olive_man
5758,953,445,black_print
5759,953,404,OTHER
5760,953,398,OTHER
5761,954,435,tank
5762,954,449,olive_man
5763,954,445,black_print
5764,954,404,OTHER
5765,955,435,tank
5766,955,449,olive_man
5767,955,445,black_print
5768,955,404,OTHER
5769,956,435,tank
5770,956,449,olive_man
5771,956,445,black_print
5772,956,404,OTHER
5773,957,449,olive_man
5774,957,435,tank
5775,957,445,black_print
5776,957,404,OTHER
5777,958,449,olive_man
5779,958,445,black_print
5781,959,449,olive_man
5782,959,437,tank
5783,959,445,black_print
5784,959,406,OTHER
5785,960,449,olive_man
5786,960,437,tank
5787,960,445,black_print
5788,960,406,OTHER
5789,961,449,olive_man
5790,961,437,tank
5791,961,445,black_print
5792,961,406,OTHER
5793,962,449,olive_man
5794,962,437,tank
5795,962,445,black_print
5796,962,406,OTHER
5797,963,449,olive_man
5798,963,437,tank
5799,963,445,black_print
5800,963,406,OTHER
5801,964,449,olive_man
5802,964,437,tank
5803,964,445,black_print
5804,964,406,OTHER
5805,965,449,olive_man
5806,965,437,tank
5807,965,445,black_print
5808,965,406,OTHER
5809,966,449,olive_man
5810,966,437,tank
5811,966,445,black_print
5812,966,406,OTHER
5813,967,437,tank
5814,967,449,olive_man
5815,967,445,black_print
5816,967,406,OTHER
5817,968,437,tank
5818,968,449,olive_man
5819,968,445,black_print
5820,969,437,tank
5821,969,450,olive_man
5822,969,445,black_print
5823,970,437,tank
5824,970,450,olive_man
5825,970,445,black_print
5826,971,450,olive_man
5827,971,437,tank
5828,971,446,black_print
5829,972,437,tank
5830,972,450,olive_man
5831,972,446,black_print
5832,972,407,OTHER
5833,973,450,olive_man
5834,973,437,tank
5835,973,446,black_print
5836,974,450,olive_man
5837,974,437,tank
5838,974,446,black_print
5839,974,407,OTHER
5841,975,450,olive_man
5842,975,437,tank
5843,975,446,black_print
5844,975,407,OTHER
5846,976,450,olive_man
5847,976,437,tank
5848,976,446,black_print
5849,976,407,OTHER
5851,977,450,olive_man
5852,977,437,tank
5853,977,446,black_print
5854,977,407,OTHER
5856,978,450,olive_man
5857,978,437,tank
5858,978,446,black_print
5859,978,407,OTHER
5861,979,450,olive_man
5862,979,437,tank
5863,979,446,black_print
5864,979,407,OTHER
5865,980,450,olive_man
5866,980,437,tank
5867,980,446,black_print
5868,980,407,OTHER
5869,981,450,olive_man
5870,981,437,tank
5871,981,446,black_print
5872,981,407,OTHER
5873,982,450,olive_man
5874,982,437,tank
5875,982,446,black_print
5876,982,407,OTHER
5877,983,450,olive_man
5878,983,437,tank
5879,983,446,black_print
5880,983,407,OTHER
5881,984,437,tank
5882,984,450,olive_man
5883,984,446,black_print
5884,984,407,OTHER
5886,985,437,tank
5887,985,450,olive_man
5888,985,446,black_print
5889,985,407,OTHER
5891,986,437,tank
5892,986,450,olive_man
5893,986,446,black_print
5894,986,472,navy_man
5895,986,407,OTHER
5896,987,437,tank
5897,987,450,olive_man
5898,987,446,black_print
5899,987,472,navy_man
5900,987,407,OTHER
5901,988,437,tank
5902,988,450,olive_man
5903,988,446,black_print
5904,988,472,navy_man
5905,988,407,OTHER
5906,989,437,tank
5907,989,450,olive_man
5908,989,446,black_print
5909,989,472,navy_man
5910,989,407,OTHER
5911,990,437,tank
5912,990,450,olive_man
5913,990,446,black_print
5914,990,472,navy_man
5915,990,407,OTHER
5916,991,437,tank
5917,991,450,olive_man
5918,991,472,navy_man
5919,991,446,black_print
5920,991,407,OTHER
5921,992,450,olive_man
5922,992,437,tank
5923,992,472,navy_man
5924,992,446,black_print
5925,992,407,OTHER
5926,993,437,tank
5927,993,450,olive_man
5928,993,472,navy_man
5929,993,446,black_print
5930,993,407,OTHER
5931,994,450,olive_man
5932,994,437,tank
5933,994,472,navy_man
5934,994,446,black_print
5935,994,407,OTHER
5936,995,450,olive_man
5937,995,437,tank
5938,995,472,navy_man
5939,995,446,black_print
5940,995,407,OTHER
5942,996,437,tank
5943,996,450,olive_man
5944,996,472,navy_man
5945,996,446,black_print
5946,996,407,OTHER
5947,997,437,tank
5948,997,450,olive_man
5949,997,472,navy_man
5950,997,446,black_print
5951,997,407,OTHER
5952,998,437,tank
5953,998,450,olive_man
5954,998,446,black_print
5955,998,472,navy_man
5956,998,407,OTHER
5957,999,437,tank
5958,999,450,olive_man
5959,999,446,black_print
5960,999,472,navy_man
5961,999,407,OTHER
5962,1000,437,tank
5963,1000,450,olive_man
5964,1000,446,black_print
5965,1000,472,navy_man
5966,1000,407,OTHER
5967,1001,437,tank
5968,1001,450,olive_man
5969,1001,446,black_print
5970,1001,472,navy_man
5971,1001,407,OTHER
5973,1002,437,tank
5974,1002,450,olive_man
5975,1002,472,navy_man
5976,1002,446,black_print
5978,1003,437,tank
5979,1003,450,olive_man
5980,1003,473,navy_man
5981,1003,446,black_print
5984,1004,473,navy_man
5985,1004,438,tank
5986,1004,450,olive_man
5987,1004,446,black_print
5989,1004,407,OTHER
5990,1005,473,navy_man
5991,1005,438,tank
5992,1005,450,olive_man
5993,1005,446,black_print
5994,1005,407,OTHER
5996,1006,473,navy_man
5997,1006,438,tank
5998,1006,450,olive_man
5999,1006,446,black_print
6001,1006,407,OTHER
6002,1007,473,navy_man
6003,1007,438,tank
6004,1007,450,olive_man
6005,1007,446,black_print
6007,1008,473,navy_man
6008,1008,438,tank
6009,1008,446,black_print
6010,1008,450,olive_man
6012,1009,473,navy_man
6013,1009,438,tank
6014,1009,446,black_print
6015,1009,450,olive_man
6017,1010,438,tank
6018,1010,473,navy_man
6019,1010,450,olive_man
6020,1010,446,black_print
6022,1010,408,OTHER
6023,1011,438,tank
6024,1011,473,navy_man
6025,1011,446,black_print
6026,1011,450,olive_man
6028,1011,408,OTHER
6029,1012,438,tank
6030,1012,473,navy_man
6031,1012,450,olive_man
6032,1012,446,black_print
6033,1012,492,black_khaki_man
6034,1012,408,OTHER
6035,1013,438,tank
6036,1013,473,navy_man
6037,1013,450,olive_man
6038,1013,446,black_print
6039,1013,492,black_khaki_man
6040,1013,408,OTHER
6041,1014,438,tank
6042,1014,473,navy_man
6043,1014,451,olive_man
6044,1014,446,black_print
6045,1014,492,black_khaki_man
6046,1014,408,OTHER
6047,1015,438,tank
6048,1015,473,navy_man
6049,1015,451,olive_man
6050,1015,446,black_print
6051,1015,492,black_khaki_man
6052,1015,408,OTHER
6053,1016,438,tank
6054,1016,473,navy_man
6055,1016,451,olive_man
6056,1016,447,black_print
6057,1016,492,black_khaki_man
6058,1016,408,OTHER
6059,1017,438,tank
6060,1017,473,navy_man
6061,1017,451,olive_man
6062,1017,447,black_print
6063,1017,492,black_khaki_man
6064,1017,408,OTHER
6065,1018,438,tank
6066,1018,473,navy_man
6067,1018,447,black_print
6068,1018,451,olive_man
6069,1018,492,black_khaki_man
6070,1018,408,OTHER
6071,1019,438,tank
6072,1019,474,navy_man
6073,1019,447,black_print
6074,1019,451,olive_man
6076,1019,408,OTHER
6077,1020,438,tank
6078,1020,474,navy_man
6079,1020,447,black_print
6080,1020,451,olive_man
6083,1021,438,tank
6084,1021,474,navy_man
6085,1021,447,black_print
6086,1021,451,olive_man
6089,1021,408,OTHER
6090,1022,438,tank
6091,1022,474,navy_man
6092,1022,447,black_print
6093,1022,451,olive_man
6094,1022,494,black_khaki_man
6096,1023,438,tank
6098,1023,447,black_print
6099,1023,451,olive_man
6100,1023,494,black_khaki_man
6102,1024,438,tank
6104,1024,447,black_print
6105,1024,451,olive_man
6106,1024,495,old_tank
6107,1024,494,black_khaki_man
6108,1025,438,tank
6109,1025,451,olive_man
6110,1025,447,black_print
6112,1025,495,old_tank
6113,1025,494,black_khaki_man
6114,1026,438,tank
6116,1026,451,olive_man
6117,1026,447,black_print
6118,1026,495,old_tank
6119,1026,494,black_khaki_man
6120,1027,438,tank
6122,1027,451,olive_man
6123,1027,447,black_print
6124,1027,495,old_tank
6125,1027,494,black_khaki_man
6126,1028,438,tank
6127,1028,447,black_print
6128,1028,451,olive_man
6130,1028,495,old_tank
6131,1028,409,OTHER
6132,1028,494,black_khaki_man
6133,1029,438,tank
6134,1029,447,black_print
6135,1029,495,old_tank
6136,1029,451,olive_man
6138,1029,409,OTHER
6139,1029,494,black_khaki_man
6140,1030,438,tank
6141,1030,495,old_tank
6142,1030,447,black_print
6143,1030,451,olive_man
6145,1030,409,OTHER
6146,1030,494,black_khaki_man
6147,1031,438,tank
6148,1031,451,olive_man
6149,1031,495,old_tank
6151,1031,447,black_print
6152,1031,409,OTHER
6153,1031,494,black_khaki_man
6154,1032,495,old_tank
6155,1032,438,tank
6156,1032,451,olive_man
6157,1032,447,black_print
6158,1032,481,AMBIG
6159,1032,409,OTHER
6160,1033,495,old_tank
6161,1033,438,tank
6162,1033,451,olive_man
6163,1033,481,AMBIG
6164,1033,447,black_print
6165,1033,409,OTHER
6166,1034,495,old_tank
6167,1034,438,tank
6168,1034,481,AMBIG
6169,1034,451,olive_man
6170,1034,447,black_print
6171,1034,409,OTHER
6172,1035,495,old_tank
6173,1035,438,tank
6174,1035,451,olive_man
6175,1035,481,AMBIG
6176,1035,447,black_print
6177,1035,409,OTHER
6178,1036,495,old_tank
6179,1036,438,tank
6180,1036,451,olive_man
6181,1036,447,black_print
6182,1036,481,AMBIG
6183,1036,409,OTHER
6184,1037,495,old_tank
6185,1037,438,tank
6186,1037,451,olive_man
6187,1037,447,black_print
6188,1037,481,AMBIG
6189,1037,409,OTHER
6190,1038,495,old_tank
6191,1038,438,tank
6192,1038,451,olive_man
6193,1038,447,black_print
6194,1038,481,AMBIG
6195,1038,409,OTHER
6196,1039,495,old_tank
6197,1039,438,tank
6198,1039,447,black_print
6199,1039,451,olive_man
6200,1039,481,AMBIG
6201,1039,409,OTHER
6202,1040,495,old_tank
6203,1040,438,tank
6204,1040,451,olive_man
6205,1040,447,black_print
6206,1040,481,AMBIG
6207,1040,409,OTHER
6209,1041,495,old_tank
6210,1041,438,tank
6211,1041,451,olive_man
6212,1041,447,black_print
6213,1041,481,AMBIG
6214,1041,409,OTHER
6216,1042,495,old_tank
6217,1042,438,tank
6218,1042,451,olive_man
6219,1042,447,black_print
6220,1042,481,AMBIG
6221,1042,409,OTHER
6223,1043,495,old_tank
6224,1043,438,tank
6225,1043,451,olive_man
6226,1043,447,black_print
6227,1043,481,AMBIG
6228,1043,409,OTHER
6229,1044,495,old_tank
6230,1044,439,tank
6231,1044,451,olive_man
6232,1044,448,black_print
6233,1044,409,OTHER
6234,1044,481,AMBIG
6235,1045,495,old_tank
6236,1045,439,tank
6237,1045,451,olive_man
6238,1045,448,black_print
6239,1045,409,OTHER
6240,1045,481,AMBIG
6241,1046,495,old_tank
6242,1046,451,olive_man
6243,1046,439,tank
6244,1046,448,black_print
6245,1046,409,OTHER
6246,1046,481,AMBIG
6247,1047,495,old_tank
6249,1047,439,tank
6250,1047,448,black_print
6251,1047,409,OTHER
6252,1047,481,AMBIG
6254,1048,495,old_tank
6256,1048,439,tank
6257,1048,448,black_print
6258,1048,409,OTHER
6259,1048,481,AMBIG
6261,1049,495,old_tank
6262,1049,453,olive_man
6263,1049,439,tank
6264,1049,448,black_print
6265,1049,409,OTHER
6266,1049,481,AMBIG
6267,1050,495,old_tank
6268,1050,453,olive_man
6269,1050,439,tank
6270,1050,448,black_print
6271,1050,481,AMBIG
6272,1050,409,OTHER
6273,1051,495,old_tank
6274,1051,453,olive_man
6275,1051,439,tank
6276,1051,448,black_print
6277,1051,481,AMBIG
6278,1051,409,OTHER
6279,1052,495,old_tank
6280,1052,453,olive_man
6281,1052,439,tank
6282,1052,448,black_print
6283,1052,481,AMBIG
6284,1052,409,OTHER
6285,1053,495,old_tank
6286,1053,453,olive_man
6287,1053,439,tank
6288,1053,448,black_print
6289,1053,481,AMBIG
6290,1053,409,OTHER
6291,1054,495,old_tank
6292,1054,453,olive_man
6293,1054,439,tank
6294,1054,481,AMBIG
6295,1054,448,black_print
6296,1054,409,OTHER
6297,1055,495,old_tank
6298,1055,453,olive_man
6299,1055,439,tank
6300,1055,481,AMBIG
6301,1055,409,OTHER
6302,1055,448,black_print
6303,1056,495,old_tank
6304,1056,453,olive_man
6305,1056,439,tank
6306,1056,481,AMBIG
6307,1056,409,OTHER
6308,1056,448,black_print
6309,1057,495,old_tank
6310,1057,453,olive_man
6311,1057,440,tank
6312,1057,481,AMBIG
6313,1057,409,OTHER
6314,1058,495,old_tank
6315,1058,453,olive_man
6316,1058,440,tank
6317,1058,481,AMBIG
6318,1058,409,OTHER
6319,1059,495,old_tank
6320,1059,453,olive_man
6321,1059,440,tank
6322,1059,481,AMBIG
6323,1059,409,OTHER
6324,1060,495,old_tank
6325,1060,453,olive_man
6326,1060,440,tank
6327,1060,481,AMBIG
6328,1061,495,old_tank
6329,1061,440,tank
6330,1061,453,olive_man
6331,1061,481,AMBIG
6332,1061,409,OTHER
6333,1062,495,old_tank
6334,1062,440,tank
6335,1062,453,olive_man
6336,1062,481,AMBIG
6337,1062,409,OTHER
6338,1063,495,old_tank
6339,1063,440,tank
6340,1063,453,olive_man
6341,1063,481,AMBIG
6342,1063,409,OTHER
6343,1064,495,old_tank
6344,1064,440,tank
6345,1064,453,olive_man
6346,1064,409,OTHER
6347,1064,481,AMBIG
6348,1065,495,old_tank
6349,1065,440,tank
6350,1065,453,olive_man
6351,1065,481,AMBIG
6352,1065,409,OTHER
6353,1066,495,old_tank
6354,1066,453,olive_man
6355,1066,440,tank
6356,1066,481,AMBIG
6357,1066,409,OTHER
6358,1067,495,old_tank
6359,1067,441,tank
6360,1067,453,olive_man
6361,1067,409,OTHER
6362,1067,481,AMBIG
6364,1068,495,old_tank
6365,1068,453,olive_man
6366,1068,441,tank
6367,1068,507,black_print
6368,1068,481,AMBIG
6369,1068,409,OTHER
6371,1069,496,old_tank
6372,1069,441,tank
6373,1069,453,olive_man
6374,1069,507,black_print
6375,1069,481,AMBIG
6376,1069,409,OTHER
6378,1070,496,old_tank
6379,1070,441,tank
6380,1070,453,olive_man
6381,1070,507,black_print
6382,1070,481,AMBIG
6383,1070,409,OTHER
6384,1071,496,old_tank
6385,1071,441,tank
6386,1071,453,olive_man
6387,1071,507,black_print
6388,1071,481,AMBIG
6389,1071,409,OTHER
6390,1072,496,old_tank
6391,1072,453,olive_man
6392,1072,441,tank
6393,1072,507,black_print
6394,1072,481,AMBIG
6395,1072,409,OTHER
6396,1073,496,old_tank
6397,1073,441,tank
6399,1073,507,black_print
6400,1073,481,AMBIG
6401,1073,409,OTHER
6402,1074,496,old_tank
6403,1074,455,olive_man
6404,1074,441,tank
6405,1074,507,black_print
6406,1074,481,AMBIG
6407,1074,410,OTHER
6408,1075,496,old_tank
6409,1075,441,tank
6410,1075,455,olive_man
6411,1075,507,black_print
6412,1075,481,AMBIG
6413,1075,410,OTHER
6414,1076,496,old_tank
6415,1076,455,olive_man
6416,1076,441,tank
6417,1076,507,black_print
6418,1076,481,AMBIG
6419,1076,410,OTHER
6420,1077,496,old_tank
6421,1077,455,olive_man
6422,1077,507,black_print
6423,1077,441,tank
6424,1077,482,AMBIG
6425,1077,410,OTHER
6426,1078,496,old_tank
6427,1078,455,olive_man
6428,1078,441,tank
6429,1078,507,black_print
6430,1078,410,OTHER
6431,1078,482,AMBIG
6432,1079,496,old_tank
6433,1079,456,olive_man
6434,1079,441,tank
6435,1079,507,black_print
6436,1079,410,OTHER
6437,1079,482,AMBIG
6438,1080,496,old_tank
6439,1080,441,tank
6440,1080,456,olive_man
6441,1080,507,black_print
6442,1080,410,OTHER
6443,1080,482,AMBIG
6444,1081,496,old_tank
6445,1081,441,tank
6446,1081,456,olive_man
6447,1081,508,black_print
6448,1081,410,OTHER
6449,1081,482,AMBIG
6450,1082,496,old_tank
6451,1082,508,black_print
6452,1082,441,tank
6453,1082,456,olive_man
6454,1082,410,OTHER
6455,1082,482,AMBIG
6456,1083,496,old_tank
6457,1083,441,tank
6458,1083,508,black_print
6459,1083,410,OTHER
6460,1083,456,olive_man
6461,1083,482,AMBIG
6462,1084,496,old_tank
6464,1084,508,black_print
6465,1084,410,OTHER
6466,1084,482,AMBIG
6467,1085,496,old_tank
6468,1085,443,AMBIG
6469,1085,508,black_print
6470,1085,410,OTHER
6471,1085,482,AMBIG
6472,1086,496,old_tank
6473,1086,508,black_print
6474,1086,443,AMBIG
6475,1086,410,OTHER
6476,1087,496,old_tank
6477,1087,508,black_print
6478,1087,443,AMBIG
6479,1087,410,OTHER
6480,1088,496,old_tank
6481,1088,508,black_print
6482,1088,443,AMBIG
6483,1088,410,OTHER
6484,1089,496,old_tank
6485,1089,508,black_print
6486,1089,410,OTHER
6487,1089,443,AMBIG
6488,1090,496,old_tank
6489,1090,508,black_print
6490,1090,410,OTHER
6491,1090,443,AMBIG
6493,1091,496,old_tank
6494,1091,508,black_print
6495,1091,410,OTHER
6496,1091,513,AMBIG
6497,1092,496,old_tank
6498,1092,508,black_print
6499,1092,513,AMBIG
6500,1092,410,OTHER
6501,1092,540,navy_man
6502,1093,496,old_tank
6503,1093,540,navy_man
6504,1093,508,black_print
6505,1093,513,AMBIG
6506,1093,410,OTHER
6507,1094,496,old_tank
6508,1094,540,navy_man
6509,1094,513,AMBIG
6510,1094,509,black_print
6511,1094,410,OTHER
6512,1095,496,old_tank
6513,1095,540,navy_man
6514,1095,509,black_print
6515,1095,513,AMBIG
6516,1095,410,OTHER
6517,1096,496,old_tank
6518,1096,540,navy_man
6519,1096,513,AMBIG
6520,1096,509,black_print
6521,1096,410,OTHER
6522,1096,483,tank
6523,1097,496,old_tank
6524,1097,540,navy_man
6525,1097,513,AMBIG
6526,1097,509,black_print
6527,1097,410,OTHER
6528,1097,483,tank
6530,1098,496,old_tank
6531,1098,540,navy_man
6532,1098,513,AMBIG
6533,1098,509,black_print
6534,1098,410,OTHER
6535,1098,483,tank
6538,1099,496,old_tank
6539,1099,540,navy_man
6540,1099,410,OTHER
6541,1099,513,AMBIG
6542,1099,509,black_print
6543,1099,483,tank
6545,1100,540,navy_man
6546,1100,496,old_tank
6547,1100,410,OTHER
6548,1100,513,AMBIG
6549,1100,483,tank
6550,1100,509,black_print
6552,1101,496,old_tank
6553,1101,540,navy_man
6554,1101,410,OTHER
6555,1101,513,AMBIG
6556,1101,483,tank
6558,1102,540,navy_man
6559,1102,496,old_tank
6560,1102,483,tank
6561,1102,410,OTHER
6562,1102,513,AMBIG
6563,1103,496,old_tank
6564,1103,540,navy_man
6565,1103,483,tank
6566,1103,513,AMBIG
6567,1103,410,OTHER
6569,1104,497,old_tank
6570,1104,540,navy_man
6571,1104,513,AMBIG
6572,1104,410,OTHER
6573,1105,497,old_tank
6574,1105,540,navy_man
6576,1105,513,AMBIG
6577,1105,410,OTHER
6578,1106,497,old_tank
6579,1106,540,navy_man
6581,1106,513,AMBIG
6582,1106,410,OTHER
6583,1107,497,old_tank
6584,1107,540,navy_man
6585,1107,485,tank
6586,1107,410,OTHER
6587,1107,513,AMBIG
6588,1107,459,olive_man
6590,1108,497,old_tank
6591,1108,540,navy_man
6592,1108,485,tank
6593,1108,410,OTHER
6594,1108,459,olive_man
6595,1108,513,AMBIG
6596,1109,497,old_tank
6597,1109,540,navy_man
6598,1109,485,tank
6599,1109,459,olive_man
6600,1109,410,OTHER
6601,1109,513,AMBIG
6602,1110,497,old_tank
6603,1110,540,navy_man
6604,1110,485,tank
6605,1110,459,olive_man
6606,1110,410,OTHER
6607,1110,513,AMBIG
6608,1111,498,old_tank
6609,1111,540,navy_man
6610,1111,459,olive_man
6611,1111,485,tank
6612,1111,410,OTHER
6613,1111,513,AMBIG
6615,1112,498,old_tank
6616,1112,540,navy_man
6617,1112,485,tank
6618,1112,459,olive_man
6619,1112,410,OTHER
6620,1112,513,AMBIG
6622,1113,498,old_tank
6623,1113,486,tank
6624,1113,541,navy_man
6625,1113,460,olive_man
6626,1113,410,OTHER
6627,1113,510,black_print
6628,1113,514,AMBIG
6629,1114,498,old_tank
6630,1114,541,navy_man
6631,1114,486,tank
6632,1114,460,olive_man
6633,1114,510,black_print
6634,1114,410,OTHER
6635,1114,514,AMBIG
6636,1115,498,old_tank
6637,1115,541,navy_man
6638,1115,486,tank
6639,1115,460,olive_man
6640,1115,510,black_print
6641,1115,410,OTHER
6642,1116,498,old_tank
6643,1116,541,navy_man
6644,1116,486,tank
6645,1116,460,olive_man
6646,1116,510,black_print
6647,1116,410,OTHER
6648,1116,514,AMBIG
6649,1117,498,old_tank
6650,1117,541,navy_man
6651,1117,486,tank
6652,1117,460,olive_man
6653,1117,410,OTHER
6654,1117,510,black_print
6655,1117,514,AMBIG
6656,1118,498,old_tank
6657,1118,541,navy_man
6658,1118,486,tank
6659,1118,460,olive_man
6660,1118,514,AMBIG
6661,1118,510,black_print
6662,1118,410,OTHER
6663,1119,499,old_tank
6664,1119,541,navy_man
6665,1119,486,tank
6666,1119,514,AMBIG
6667,1119,460,olive_man
6668,1119,411,OTHER
6670,1120,499,old_tank
6671,1120,541,navy_man
6672,1120,514,AMBIG
6674,1120,460,olive_man
6676,1120,411,OTHER
6678,1121,499,old_tank
6679,1121,541,navy_man
6680,1121,514,AMBIG
6681,1121,460,olive_man
6683,1121,411,OTHER
6685,1122,499,old_tank
6686,1122,514,AMBIG
6687,1122,541,navy_man
6688,1122,460,olive_man
6690,1122,411,OTHER
6692,1123,499,old_tank
6694,1123,515,gray_man
6695,1123,460,olive_man
6696,1123,542,navy_man
6697,1123,411,OTHER
6698,1124,499,old_tank
6699,1124,515,gray_man
6701,1124,460,olive_man
6702,1124,542,navy_man
6703,1124,411,OTHER
6705,1125,499,old_tank
6706,1125,515,gray_man
6708,1125,460,olive_man
6709,1125,542,navy_man
6710,1125,411,OTHER
6713,1126,515,gray_man
6714,1126,489,tank
6715,1126,460,olive_man
6716,1126,411,OTHER
6717,1126,542,navy_man
6719,1127,515,gray_man
6721,1127,489,tank
6722,1127,460,olive_man
6723,1127,411,OTHER
6724,1127,542,navy_man
6727,1128,515,gray_man
6728,1128,489,tank
6729,1128,460,olive_man
6730,1128,411,OTHER
6731,1128,542,navy_man
6733,1129,501,old_tank
6734,1129,515,gray_man
6735,1129,460,olive_man
6736,1129,489,tank
6737,1129,411,OTHER
6738,1129,543,black_print
6739,1129,542,navy_man
6741,1130,501,old_tank
6742,1130,515,gray_man
6743,1130,460,olive_man
6744,1130,489,tank
6745,1130,411,OTHER
6746,1130,543,black_print
6747,1130,542,navy_man
6749,1131,501,old_tank
6750,1131,515,gray_man
6751,1131,489,tank
6752,1131,460,olive_man
6753,1131,411,OTHER
6754,1131,543,black_print
6755,1131,542,navy_man
6757,1132,501,old_tank
6759,1132,489,tank
6760,1132,543,black_print
6761,1132,460,olive_man
6762,1132,411,OTHER
6764,1133,501,old_tank
6766,1133,489,tank
6767,1133,543,black_print
6768,1133,411,OTHER
6770,1134,501,old_tank
6772,1134,489,tank
6773,1134,543,black_print
6774,1134,411,OTHER
6776,1135,501,old_tank
6778,1135,490,tank
6779,1135,544,black_print
6780,1135,411,OTHER
6783,1136,501,old_tank
6784,1136,518,gray_man
6785,1136,490,tank
6786,1136,544,black_print
6787,1136,411,OTHER
6788,1137,501,old_tank
6789,1137,518,gray_man
6790,1137,490,tank
6791,1137,544,black_print
6792,1137,411,OTHER
6794,1138,501,old_tank
6795,1138,518,gray_man
6796,1138,490,tank
6797,1138,544,black_print
6798,1138,411,OTHER
6799,1139,518,gray_man
6800,1139,501,old_tank
6801,1139,490,tank
6802,1139,544,black_print
6803,1139,411,OTHER
6804,1140,501,old_tank
6805,1140,518,gray_man
6806,1140,490,tank
6807,1140,544,black_print
6808,1140,411,OTHER
6809,1141,501,old_tank
6810,1141,518,gray_man
6811,1141,490,tank
6812,1141,544,black_print
6813,1141,411,OTHER
6814,1142,501,old_tank
6815,1142,519,gray_man
6816,1142,490,tank
6817,1142,544,black_print
6818,1142,411,OTHER
6819,1142,462,AMBIG
6820,1143,501,old_tank
6821,1143,490,tank
6822,1143,544,black_print
6823,1143,519,gray_man
6824,1143,411,OTHER
6825,1143,462,AMBIG
6826,1144,501,old_tank
6827,1144,490,tank
6828,1144,519,gray_man
6829,1144,544,black_print
6830,1144,462,AMBIG
6831,1145,501,old_tank
6832,1145,490,tank
6833,1145,519,gray_man
6834,1145,544,black_print
6835,1145,462,AMBIG
6836,1146,501,old_tank
6837,1146,490,tank
6838,1146,544,black_print
6839,1146,519,gray_man
6840,1146,462,AMBIG
6841,1147,501,old_tank
6842,1147,490,tank
6843,1147,519,gray_man
6844,1147,544,black_print
6845,1147,462,AMBIG
6846,1148,501,old_tank
6847,1148,490,tank
6848,1148,519,gray_man
6849,1148,544,black_print
6850,1148,462,AMBIG
6851,1149,501,old_tank
6852,1149,490,tank
6853,1149,519,gray_man
6854,1149,545,black_print
6856,1150,501,old_tank
6857,1150,490,tank
6858,1150,519,gray_man
6859,1150,545,black_print
6860,1150,464,AMBIG
6863,1151,501,old_tank
6864,1151,519,gray_man
6865,1151,490,tank
6866,1151,545,black_print
6867,1151,464,AMBIG
6868,1151,546,AMBIG
6869,1152,501,old_tank
6870,1152,490,tank
6871,1152,519,gray_man
6872,1152,464,AMBIG
6873,1152,545,black_print
6874,1152,546,AMBIG
6877,1153,501,old_tank
6878,1153,490,tank
6879,1153,519,gray_man
6880,1153,464,AMBIG
6881,1153,546,AMBIG
6883,1153,545,black_print
6884,1154,501,old_tank
6885,1154,520,gray_man
6886,1154,490,tank
6887,1154,464,AMBIG
6888,1154,550,OTHER
6889,1154,546,AMBIG
6890,1155,501,old_tank
6891,1155,520,gray_man
6892,1155,490,tank
6894,1155,550,OTHER
6895,1156,501,old_tank
6896,1156,520,gray_man
6897,1156,490,tank
6898,1156,466,AMBIG
6899,1156,550,OTHER
6900,1156,546,AMBIG
6901,1157,520,gray_man
6902,1157,501,old_tank
6903,1157,490,tank
6904,1157,466,AMBIG
6905,1157,550,OTHER
6906,1157,546,AMBIG
6907,1158,501,old_tank
6908,1158,521,gray_man
6909,1158,490,tank
6910,1158,466,AMBIG
6911,1158,550,OTHER
6912,1158,546,AMBIG
6914,1159,521,gray_man
6915,1159,501,old_tank
6916,1159,490,tank
6917,1159,466,AMBIG
6918,1159,550,OTHER
6920,1159,546,AMBIG
6921,1160,521,gray_man
6922,1160,501,old_tank
6923,1160,490,tank
6924,1160,466,AMBIG
6925,1160,546,AMBIG
6926,1160,550,OTHER
6928,1161,501,old_tank
6929,1161,521,gray_man
6930,1161,490,tank
6932,1161,550,OTHER
6934,1162,501,old_tank
6935,1162,521,gray_man
6936,1162,491,tank
6938,1162,550,OTHER
6939,1162,546,AMBIG
6940,1163,501,old_tank
6941,1163,491,tank
6942,1163,521,gray_man
6943,1163,468,navy_man
6944,1163,550,OTHER
6945,1163,546,AMBIG
6946,1164,501,old_tank
6947,1164,521,gray_man
6948,1164,468,navy_man
6949,1164,491,tank
6950,1164,546,AMBIG
6951,1164,550,OTHER
6952,1165,501,old_tank
6953,1165,521,gray_man
6954,1165,468,navy_man
6955,1165,491,tank
6956,1165,546,AMBIG
6957,1165,550,OTHER
6958,1166,501,old_tank
6959,1166,521,gray_man
6960,1166,491,tank
6961,1166,468,navy_man
6962,1166,546,AMBIG
6963,1166,550,OTHER
6964,1167,501,old_tank
6965,1167,521,gray_man
6966,1167,468,navy_man
6967,1167,550,OTHER
6968,1167,491,tank
6969,1167,546,AMBIG
6971,1168,501,old_tank
6972,1168,521,gray_man
6973,1168,550,OTHER
6974,1168,468,navy_man
6975,1168,491,tank
6976,1168,546,AMBIG
6978,1169,501,old_tank
6979,1169,521,gray_man
6980,1169,550,OTHER
6981,1169,468,navy_man
6982,1169,546,AMBIG
6983,1169,491,tank
6984,1170,501,old_tank
6985,1170,550,OTHER
6986,1170,521,gray_man
6987,1170,468,navy_man
6988,1170,546,AMBIG
6989,1170,491,tank
6990,1171,501,old_tank
6991,1171,522,gray_man
6992,1171,550,OTHER
6993,1171,468,navy_man
6994,1171,546,AMBIG
6995,1172,501,old_tank
6996,1172,522,gray_man
6997,1172,550,OTHER
6998,1172,468,navy_man
6999,1172,546,AMBIG
7001,1173,522,gray_man
7002,1173,550,OTHER
7003,1173,546,AMBIG
7004,1173,468,navy_man
7006,1174,522,gray_man
7008,1174,550,OTHER
7010,1174,468,navy_man
7011,1174,546,AMBIG
7012,1175,522,gray_man
7013,1175,503,old_tank
7014,1175,550,OTHER
7015,1175,558,OTHER
7016,1175,546,AMBIG
7017,1175,468,navy_man
7019,1176,523,gray_man
7020,1176,503,old_tank
7021,1176,550,OTHER
7022,1176,558,OTHER
7023,1176,468,navy_man
7024,1176,546,AMBIG
7026,1177,503,old_tank
7027,1177,523,gray_man
7028,1177,550,OTHER
7029,1177,558,OTHER
7030,1177,468,navy_man
7031,1177,546,AMBIG
7033,1178,503,old_tank
7034,1178,523,gray_man
7035,1178,550,OTHER
7036,1178,558,OTHER
7037,1178,468,navy_man
7038,1178,546,AMBIG
7040,1179,503,old_tank
7041,1179,523,gray_man
7043,1179,550,OTHER
7044,1179,558,OTHER
7046,1180,503,old_tank
7048,1180,550,OTHER
7049,1180,470,navy_man
7050,1180,558,OTHER
7051,1180,546,AMBIG
7052,1181,503,old_tank
7053,1181,525,gray_man
7054,1181,470,navy_man
7055,1181,550,OTHER
7056,1181,558,OTHER
7057,1181,546,AMBIG
7059,1182,503,old_tank
7060,1182,525,gray_man
7061,1182,470,navy_man
7062,1182,546,AMBIG
7063,1182,550,OTHER
7064,1182,558,OTHER
7066,1183,525,gray_man
7067,1183,503,old_tank
7068,1183,546,AMBIG
7069,1183,470,navy_man
7070,1183,550,OTHER
7071,1183,558,OTHER
7072,1183,571,tank
7073,1184,525,gray_man
7074,1184,503,old_tank
7075,1184,470,navy_man
7076,1184,571,tank
7077,1184,546,AMBIG
7078,1184,558,OTHER
7079,1184,550,OTHER
7080,1185,525,gray_man
7081,1185,503,old_tank
7082,1185,470,navy_man
7083,1185,571,tank
7084,1185,546,AMBIG
7085,1185,558,OTHER
7086,1185,550,OTHER
7087,1186,525,gray_man
7088,1186,571,tank
7089,1186,503,old_tank
7090,1186,470,navy_man
7091,1186,546,AMBIG
7092,1186,558,OTHER
7093,1186,550,OTHER
7094,1187,525,gray_man
7095,1187,503,old_tank
7096,1187,571,tank
7097,1187,470,navy_man
7098,1187,546,AMBIG
7099,1187,558,OTHER
7100,1187,550,OTHER
7101,1188,525,gray_man
7102,1188,571,tank
7103,1188,503,old_tank
7104,1188,546,AMBIG
7105,1188,470,navy_man
7106,1188,550,OTHER
7107,1188,558,OTHER
7108,1189,525,gray_man
7109,1189,571,tank
7110,1189,503,old_tank
7111,1189,546,AMBIG
7112,1189,470,navy_man
7113,1189,550,OTHER
7114,1189,558,OTHER
7115,1190,525,gray_man
7116,1190,571,tank
7117,1190,503,old_tank
7118,1190,546,AMBIG
7119,1190,470,navy_man
7120,1190,558,OTHER
7121,1190,550,OTHER
7122,1191,526,gray_man
7123,1191,503,old_tank
7124,1191,572,tank
7125,1191,470,navy_man
7126,1191,546,AMBIG
7127,1191,558,OTHER
7128,1191,550,OTHER
7129,1192,526,gray_man
7130,1192,503,old_tank
7131,1192,572,tank
7132,1192,470,navy_man
7133,1192,546,AMBIG
7134,1192,558,OTHER
7135,1192,550,OTHER
7136,1193,526,gray_man
7137,1193,503,old_tank
7138,1193,470,navy_man
7139,1193,572,tank
7140,1193,546,AMBIG
7141,1193,550,OTHER
7142,1193,558,OTHER
7143,1194,526,gray_man
7144,1194,470,navy_man
7145,1194,503,old_tank
7146,1194,572,tank
7147,1194,546,AMBIG
7148,1194,550,OTHER
7149,1194,558,OTHER
7150,1195,526,gray_man
7151,1195,470,navy_man
7152,1195,503,old_tank
7153,1195,572,tank
7154,1195,546,AMBIG
7155,1195,550,OTHER
7156,1195,558,OTHER
7157,1196,526,gray_man
7158,1196,470,navy_man
7159,1196,546,AMBIG
7160,1196,572,tank
7161,1196,503,old_tank
7162,1196,550,OTHER
7163,1196,558,OTHER
7164,1197,526,gray_man
7165,1197,470,navy_man
7166,1197,503,old_tank
7167,1197,546,AMBIG
7168,1197,572,tank
7169,1197,558,OTHER
7170,1197,550,OTHER
7171,1198,526,gray_man
7172,1198,470,navy_man
7173,1198,572,tank
7174,1198,503,old_tank
7175,1198,546,AMBIG
7176,1198,558,OTHER
7177,1198,550,OTHER
7178,1199,526,gray_man
7179,1199,470,navy_man
7180,1199,547,black_print
7181,1199,572,tank
7183,1199,558,OTHER
7186,1200,526,gray_man
7188,1200,470,navy_man
7189,1200,547,black_print
7190,1200,572,tank
7191,1200,558,OTHER
7193,1200,552,OTHER
7194,1201,527,gray_man
7195,1201,506,old_tank
7196,1201,470,navy_man
7197,1201,572,tank
7198,1201,547,black_print
7199,1201,558,OTHER
7200,1201,552,OTHER
7202,1202,527,gray_man
7203,1202,470,navy_man
7204,1202,506,old_tank
7205,1202,547,black_print
7206,1202,558,OTHER
7207,1202,572,tank
7208,1202,552,OTHER
7211,1203,470,navy_man
7212,1203,527,gray_man
7213,1203,572,tank
7214,1203,506,old_tank
7215,1203,547,black_print
7216,1203,558,OTHER
7217,1203,552,OTHER
7220,1204,470,navy_man
7221,1204,527,gray_man
7222,1204,506,old_tank
7223,1204,572,tank
7224,1204,547,black_print
7225,1204,558,OTHER
7226,1204,552,OTHER
7227,1204,574,OTHER
7228,1205,470,navy_man
7229,1205,527,gray_man
7230,1205,506,old_tank
7231,1205,572,tank
7232,1205,547,black_print
7233,1205,558,OTHER
7234,1205,552,OTHER
7235,1205,574,OTHER
7237,1206,471,navy_man
7238,1206,527,gray_man
7239,1206,506,old_tank
7240,1206,572,tank
7241,1206,548,black_print
7242,1206,558,OTHER
7243,1206,574,OTHER
7244,1206,552,OTHER
7245,1207,471,navy_man
7246,1207,527,gray_man
7247,1207,548,black_print
7248,1207,572,tank
7249,1207,558,OTHER
7250,1207,574,OTHER
7251,1207,506,old_tank
7252,1207,552,OTHER
7253,1208,527,gray_man
7254,1208,471,navy_man
7255,1208,548,black_print
7256,1208,572,tank
7257,1208,574,OTHER
7258,1208,558,OTHER
7259,1208,552,OTHER
7260,1208,506,old_tank
7261,1209,548,black_print
7262,1209,527,gray_man
7263,1209,471,navy_man
7264,1209,572,tank
7265,1209,574,OTHER
7266,1209,558,OTHER
7267,1209,552,OTHER
7268,1209,506,old_tank
7269,1210,548,black_print
7270,1210,528,gray_man
7271,1210,471,navy_man
7272,1210,572,tank
7273,1210,574,OTHER
7274,1210,558,OTHER
7275,1210,552,OTHER
7276,1211,528,gray_man
7277,1211,572,tank
7278,1211,548,black_print
7279,1211,574,OTHER
7280,1211,471,navy_man
7281,1211,558,OTHER
7282,1211,552,OTHER
7283,1212,528,gray_man
7284,1212,572,tank
7285,1212,548,black_print
7286,1212,471,navy_man
7287,1212,558,OTHER
7288,1212,574,OTHER
7289,1212,552,OTHER
7290,1213,548,black_print
7291,1213,528,gray_man
7292,1213,572,tank
7293,1213,558,OTHER
7294,1213,471,navy_man
7295,1213,574,OTHER
7296,1213,552,OTHER
7297,1214,528,gray_man
7298,1214,572,tank
7299,1214,548,black_print
7300,1214,558,OTHER
7301,1214,471,navy_man
7302,1214,574,OTHER
7303,1214,552,OTHER
7304,1215,529,gray_man
7305,1215,548,black_print
7306,1215,573,AMBIG
7307,1215,558,OTHER
7308,1215,471,navy_man
7309,1215,574,OTHER
7310,1215,552,OTHER
7311,1216,529,gray_man
7312,1216,548,black_print
7313,1216,573,AMBIG
7314,1216,558,OTHER
7315,1216,574,OTHER
7316,1216,471,navy_man
7317,1216,552,OTHER
7318,1217,548,black_print
7319,1217,529,gray_man
7320,1217,573,AMBIG
7321,1217,558,OTHER
7322,1217,574,OTHER
7323,1217,552,OTHER
7324,1217,471,navy_man
7325,1218,529,gray_man
7326,1218,548,black_print
7327,1218,573,AMBIG
7328,1218,558,OTHER
7329,1218,574,OTHER
7330,1218,552,OTHER
7331,1218,471,navy_man
7332,1219,529,gray_man
7333,1219,548,black_print
7334,1219,573,AMBIG
7335,1219,574,OTHER
7336,1219,558,OTHER
7337,1219,552,OTHER
7338,1219,471,navy_man
7340,1220,549,black_print
7341,1220,573,AMBIG
7342,1220,529,gray_man
7343,1220,574,OTHER
7344,1220,559,OTHER
7345,1220,552,OTHER
7348,1220,471,navy_man
7349,1221,549,black_print
7350,1221,573,AMBIG
7351,1221,574,OTHER
7352,1221,529,gray_man
7353,1221,559,OTHER
7354,1221,552,OTHER
7356,1221,471,navy_man
7357,1222,549,black_print
7358,1222,574,OTHER
7359,1222,559,OTHER
7360,1222,529,gray_man
7361,1222,573,AMBIG
7362,1222,552,OTHER
7364,1222,471,navy_man
7365,1223,529,gray_man
7366,1223,574,OTHER
7367,1223,559,OTHER
7368,1223,549,black_print
7369,1223,573,AMBIG
7370,1223,552,OTHER
7372,1224,574,OTHER
7373,1224,529,gray_man
7374,1224,559,OTHER
7375,1224,552,OTHER
7376,1224,573,AMBIG
7377,1224,549,black_print
7378,1224,577,AMBIG
7379,1224,471,navy_man
7380,1225,574,OTHER
7381,1225,529,gray_man
7382,1225,559,OTHER
7383,1225,549,black_print
7384,1225,552,OTHER
7385,1225,573,AMBIG
7386,1225,577,AMBIG
7387,1225,471,navy_man
7388,1226,574,OTHER
7389,1226,529,gray_man
7390,1226,577,AMBIG
7391,1226,559,OTHER
7392,1226,552,OTHER
7393,1226,549,black_print
7394,1226,573,AMBIG
7395,1226,471,navy_man
7396,1227,575,OTHER
7397,1227,529,gray_man
7398,1227,577,AMBIG
7399,1227,559,OTHER
7400,1227,553,OTHER
7401,1227,573,AMBIG
7402,1227,549,black_print
7403,1227,471,navy_man
7404,1228,575,OTHER
7405,1228,577,AMBIG
7406,1228,529,gray_man
7407,1228,553,OTHER
7408,1228,559,OTHER
7409,1228,573,AMBIG
7410,1228,549,black_print
7411,1229,575,OTHER
7412,1229,577,AMBIG
7413,1229,529,gray_man
7414,1229,553,OTHER
7415,1229,559,OTHER
7416,1229,573,AMBIG
7417,1229,549,black_print
7418,1230,575,OTHER
7420,1230,577,AMBIG
7421,1230,553,OTHER
7422,1230,573,AMBIG
7423,1230,559,OTHER
7424,1230,549,black_print
7425,1231,575,OTHER
7426,1231,577,AMBIG
7427,1231,553,OTHER
7429,1231,573,AMBIG
7430,1231,559,OTHER
7431,1232,577,AMBIG
7432,1232,531,AMBIG
7433,1232,573,AMBIG
7434,1232,575,OTHER
7435,1232,553,OTHER
7436,1232,559,OTHER
7437,1233,577,AMBIG
7438,1233,553,OTHER
7439,1233,575,OTHER
7440,1233,573,AMBIG
7441,1233,531,AMBIG
7442,1233,559,OTHER
7443,1234,553,OTHER
7444,1234,577,AMBIG
7445,1234,573,AMBIG
7446,1234,575,OTHER
7447,1234,559,OTHER
7448,1234,531,AMBIG
7449,1235,577,AMBIG
7450,1235,575,OTHER
7451,1235,553,OTHER
7452,1235,573,AMBIG
7453,1235,559,OTHER
7454,1235,531,AMBIG
7455,1236,577,AMBIG
7456,1236,553,OTHER
7457,1236,575,OTHER
7458,1236,573,AMBIG
7459,1236,559,OTHER
7460,1236,531,AMBIG
7461,1237,553,OTHER
7462,1237,577,AMBIG
7463,1237,575,OTHER
7464,1237,573,AMBIG
7465,1237,559,OTHER
7466,1237,531,AMBIG
7467,1238,553,OTHER
7468,1238,575,OTHER
7469,1238,573,AMBIG
7470,1238,559,OTHER
7471,1238,577,AMBIG
7472,1238,531,AMBIG
7473,1239,553,OTHER
7474,1239,575,OTHER
7475,1239,573,AMBIG
7476,1239,559,OTHER
7477,1239,531,AMBIG
7479,1239,577,AMBIG
7480,1240,553,OTHER
7481,1240,575,OTHER
7482,1240,573,AMBIG
7483,1240,531,AMBIG
7484,1240,559,OTHER
7486,1240,577,AMBIG
7488,1241,553,OTHER
7489,1241,575,OTHER
7490,1241,573,AMBIG
7491,1241,559,OTHER
7492,1241,531,AMBIG
7494,1241,577,AMBIG
7495,1242,553,OTHER
7496,1242,531,AMBIG
7497,1242,575,OTHER
7498,1242,573,AMBIG
7499,1242,559,OTHER
7500,1242,579,old_tank
7502,1243,553,OTHER
7503,1243,575,OTHER
7504,1243,531,AMBIG
7505,1243,573,AMBIG
7506,1243,559,OTHER
7507,1243,579,old_tank
7509,1244,553,OTHER
7510,1244,575,OTHER
7511,1244,531,AMBIG
7512,1244,559,OTHER
7513,1244,579,old_tank
7514,1244,577,AMBIG
7515,1244,573,AMBIG
7517,1245,553,OTHER
7518,1245,531,AMBIG
7519,1245,575,OTHER
7520,1245,573,AMBIG
7521,1245,559,OTHER
7522,1245,577,AMBIG
7523,1245,581,AMBIG
7524,1245,579,old_tank
7525,1246,532,black_print
7526,1246,553,OTHER
7527,1246,573,AMBIG
7528,1246,559,OTHER
7529,1246,575,OTHER
7530,1246,577,AMBIG
7531,1246,581,AMBIG
7534,1247,532,black_print
7535,1247,573,AMBIG
7536,1247,553,OTHER
7537,1247,575,OTHER
7538,1247,559,OTHER
7539,1247,577,AMBIG
7541,1247,581,AMBIG
7543,1248,532,black_print
7544,1248,573,AMBIG
7545,1248,553,OTHER
7546,1248,575,OTHER
7547,1248,559,OTHER
7549,1248,577,AMBIG
7550,1248,581,AMBIG
7553,1249,532,black_print
7555,1249,573,AMBIG
7556,1249,553,OTHER
7557,1249,575,OTHER
7558,1249,559,OTHER
7559,1249,577,AMBIG
7561,1249,581,AMBIG
7562,1250,532,black_print
7563,1250,573,AMBIG
7564,1250,587,navy_man
7565,1250,553,OTHER
7566,1250,575,OTHER
7567,1250,559,OTHER
7568,1250,577,AMBIG
7569,1251,532,black_print
7570,1251,573,AMBIG
7571,1251,553,OTHER
7572,1251,587,navy_man
7573,1251,575,OTHER
7574,1251,559,OTHER
7575,1251,577,AMBIG
7576,1252,532,black_print
7577,1252,573,AMBIG
7578,1252,587,navy_man
7579,1252,553,OTHER
7580,1252,575,OTHER
7581,1252,559,OTHER
7582,1252,577,AMBIG
7583,1253,532,black_print
7584,1253,573,AMBIG
7585,1253,587,navy_man
7586,1253,553,OTHER
7587,1253,575,OTHER
7588,1253,559,OTHER
7589,1253,577,AMBIG
7590,1254,532,black_print
7591,1254,573,AMBIG
7592,1254,587,navy_man
7593,1254,553,OTHER
7594,1254,575,OTHER
7595,1254,559,OTHER
7596,1254,577,AMBIG
7597,1255,532,black_print
7598,1255,553,OTHER
7599,1255,575,OTHER
7600,1255,588,AMBIG
7601,1255,559,OTHER
7602,1255,573,AMBIG
7603,1255,577,AMBIG
7605,1256,532,black_print
7606,1256,553,OTHER
7607,1256,575,OTHER
7608,1256,588,AMBIG
7609,1256,573,AMBIG
7610,1256,559,OTHER
7611,1256,577,AMBIG
7612,1257,532,black_print
7613,1257,553,OTHER
7614,1257,575,OTHER
7615,1257,582,AMBIG
7616,1257,588,AMBIG
7617,1257,559,OTHER
7618,1257,577,AMBIG
7619,1258,532,black_print
7620,1258,575,OTHER
7621,1258,553,OTHER
7622,1258,559,OTHER
7623,1258,588,AMBIG
7624,1258,582,AMBIG
7625,1258,577,AMBIG
7626,1259,532,black_print
7627,1259,575,OTHER
7628,1259,553,OTHER
7629,1259,588,AMBIG
7630,1259,559,OTHER
7631,1259,582,AMBIG
7632,1259,577,AMBIG
7633,1260,532,black_print
7634,1260,575,OTHER
7635,1260,553,OTHER
7636,1260,582,AMBIG
7637,1260,588,AMBIG
7638,1260,559,OTHER
7640,1261,532,black_print
7641,1261,553,OTHER
7642,1261,575,OTHER
7643,1261,582,AMBIG
7644,1261,559,OTHER
7645,1261,588,AMBIG
7646,1261,577,AMBIG
7648,1262,532,black_print
7649,1262,553,OTHER
7650,1262,575,OTHER
7651,1262,582,AMBIG
7652,1262,559,OTHER
7653,1262,577,AMBIG
7654,1262,588,AMBIG
7655,1263,532,black_print
7656,1263,575,OTHER
7657,1263,553,OTHER
7658,1263,559,OTHER
7659,1263,582,AMBIG
7660,1263,588,AMBIG
7662,1263,577,AMBIG
7664,1264,532,black_print
7665,1264,575,OTHER
7666,1264,553,OTHER
7667,1264,582,AMBIG
7668,1264,559,OTHER
7669,1264,588,AMBIG
7670,1264,577,AMBIG
7672,1265,532,black_print
7673,1265,575,OTHER
7674,1265,553,OTHER
7675,1265,588,AMBIG
7676,1265,560,OTHER
7677,1265,582,AMBIG
7679,1265,577,AMBIG
7680,1266,532,black_print
7681,1266,575,OTHER
7682,1266,553,OTHER
7683,1266,582,AMBIG
7684,1266,588,AMBIG
7685,1266,560,OTHER
7688,1267,532,black_print
7689,1267,575,OTHER
7690,1267,553,OTHER
7691,1267,560,OTHER
7692,1267,582,AMBIG
7693,1267,588,AMBIG
7696,1268,532,black_print
7697,1268,575,OTHER
7698,1268,553,OTHER
7699,1268,560,OTHER
7700,1268,582,AMBIG
7701,1268,588,AMBIG
7704,1269,532,black_print
7705,1269,582,AMBIG
7706,1269,575,OTHER
7707,1269,553,OTHER
7708,1269,560,OTHER
7709,1269,588,AMBIG
7713,1270,582,AMBIG
7714,1270,532,black_print
7715,1270,575,OTHER
7716,1270,553,OTHER
7717,1270,560,OTHER
7718,1270,588,AMBIG
7720,1271,582,AMBIG
7721,1271,532,black_print
7722,1271,575,OTHER
7723,1271,553,OTHER
7724,1271,560,OTHER
7726,1271,588,AMBIG
7727,1272,582,AMBIG
7728,1272,532,black_print
7729,1272,576,OTHER
7730,1272,554,OTHER
7731,1272,560,OTHER
7733,1272,588,AMBIG
7734,1273,582,AMBIG
7735,1273,532,black_print
7736,1273,554,OTHER
7737,1273,576,OTHER
7738,1273,560,OTHER
7739,1273,588,AMBIG
7740,1273,590,OTHER
7741,1274,582,AMBIG
7742,1274,532,black_print
7743,1274,554,OTHER
7744,1274,576,OTHER
7745,1274,560,OTHER
7746,1274,588,AMBIG
7747,1274,590,OTHER
7748,1275,582,AMBIG
7749,1275,532,black_print
7750,1275,554,OTHER
7751,1275,576,OTHER
7752,1275,560,OTHER
7753,1275,588,AMBIG
7754,1275,590,OTHER
7755,1276,582,AMBIG
7756,1276,532,black_print
7757,1276,554,OTHER
7758,1276,576,OTHER
7759,1276,560,OTHER
7760,1276,588,AMBIG
7761,1276,590,OTHER
7762,1277,582,AMBIG
7763,1277,532,black_print
7764,1277,554,OTHER
7765,1277,576,OTHER
7766,1277,588,AMBIG
7767,1277,560,OTHER
7768,1277,590,OTHER
7769,1278,582,AMBIG
7770,1278,532,black_print
7771,1278,554,OTHER
7772,1278,588,AMBIG
7773,1278,576,OTHER
7774,1278,560,OTHER
7775,1278,590,OTHER
7776,1279,583,navy_man
7777,1279,532,black_print
7778,1279,554,OTHER
7779,1279,576,OTHER
7780,1279,560,OTHER
7781,1279,589,AMBIG
7782,1279,590,OTHER
7783,1280,583,navy_man
7784,1280,532,black_print
7785,1280,554,OTHER
7786,1280,576,OTHER
7787,1280,560,OTHER
7788,1280,589,AMBIG
7789,1280,590,OTHER
7790,1281,583,navy_man
7791,1281,532,black_print
7792,1281,554,OTHER
7793,1281,576,OTHER
7794,1281,560,OTHER
7795,1281,589,AMBIG
7796,1281,590,OTHER
7797,1282,583,navy_man
7798,1282,532,black_print
7799,1282,576,OTHER
7800,1282,554,OTHER
7801,1282,560,OTHER
7802,1282,590,OTHER
7803,1282,589,AMBIG
7804,1283,583,navy_man
7805,1283,532,black_print
7806,1283,576,OTHER
7807,1283,554,OTHER
7808,1283,560,OTHER
7809,1283,590,OTHER
7810,1284,583,navy_man
7811,1284,532,black_print
7812,1284,576,OTHER
7813,1284,554,OTHER
7814,1284,560,OTHER
7815,1284,590,OTHER
7816,1285,583,navy_man
7817,1285,532,black_print
7818,1285,554,OTHER
7819,1285,576,OTHER
7820,1285,560,OTHER
7821,1285,590,OTHER
7822,1286,583,navy_man
7823,1286,532,black_print
7824,1286,554,OTHER
7825,1286,576,OTHER
7826,1286,560,OTHER
7827,1287,583,navy_man
7828,1287,532,black_print
7829,1287,554,OTHER
7830,1287,576,OTHER
7831,1287,560,OTHER
7832,1288,583,navy_man
7833,1288,532,black_print
7834,1288,554,OTHER
7835,1288,576,OTHER
7836,1288,560,OTHER
7837,1289,583,navy_man
7838,1289,532,black_print
7839,1289,576,OTHER
7840,1289,554,OTHER
7841,1289,560,OTHER
7842,1290,583,navy_man
7843,1290,532,black_print
7844,1290,554,OTHER
7845,1290,576,OTHER
7846,1290,560,OTHER
7847,1291,583,navy_man
7848,1291,533,black_print
7849,1291,554,OTHER
7850,1291,560,OTHER
7851,1291,576,OTHER
7852,1292,583,navy_man
7853,1292,533,black_print
7854,1292,554,OTHER
7855,1292,560,OTHER
7856,1292,576,OTHER
7857,1293,583,navy_man
7858,1293,533,black_print
7859,1293,554,OTHER
7860,1293,560,OTHER
7861,1294,583,navy_man
7862,1294,533,black_print
7863,1294,554,OTHER
7864,1294,560,OTHER
7865,1294,576,OTHER
7866,1295,583,navy_man
7867,1295,533,black_print
7868,1295,554,OTHER
7869,1295,560,OTHER
7870,1295,576,OTHER
7872,1296,583,navy_man
7873,1296,533,black_print
7874,1296,554,OTHER
7875,1296,560,OTHER
7877,1297,583,navy_man
7878,1297,533,black_print
7879,1297,554,OTHER
7880,1297,560,OTHER
7881,1297,591,OTHER
7882,1298,583,navy_man
7883,1298,533,black_print
7884,1298,554,OTHER
7885,1298,591,OTHER
7886,1298,560,OTHER
7887,1299,583,navy_man
7888,1299,533,black_print
7889,1299,554,OTHER
7890,1299,591,OTHER
7891,1299,560,OTHER
7892,1300,583,navy_man
7893,1300,533,black_print
7894,1300,554,OTHER
7895,1300,591,OTHER
7896,1300,560,OTHER
7897,1301,583,navy_man
7898,1301,533,black_print
7899,1301,554,OTHER
7900,1301,560,OTHER
7901,1301,591,OTHER
7902,1302,583,navy_man
7903,1302,533,black_print
7904,1302,554,OTHER
7905,1302,560,OTHER
7906,1302,591,OTHER
7907,1303,583,navy_man
7908,1303,533,black_print
7909,1303,554,OTHER
7910,1303,560,OTHER
7911,1303,591,OTHER
7912,1304,583,navy_man
7913,1304,533,black_print
7914,1304,554,OTHER
7915,1304,560,OTHER
7916,1304,591,OTHER
7917,1305,583,navy_man
7918,1305,533,black_print
7919,1305,554,OTHER
7920,1305,560,OTHER
7921,1305,591,OTHER
7922,1306,583,navy_man
7923,1306,533,black_print
7924,1306,554,OTHER
7925,1306,560,OTHER
7926,1306,591,OTHER
7927,1307,583,navy_man
7928,1307,533,black_print
7929,1307,554,OTHER
7930,1307,560,OTHER
7931,1307,591,OTHER
7932,1308,583,navy_man
7933,1308,533,black_print
7934,1308,554,OTHER
7935,1308,560,OTHER
7936,1308,591,OTHER
7937,1309,583,navy_man
7938,1309,533,black_print
7939,1309,554,OTHER
7940,1309,560,OTHER
7941,1309,591,OTHER
7942,1310,583,navy_man
7943,1310,533,black_print
7944,1310,554,OTHER
7945,1310,561,OTHER
7946,1310,591,OTHER
7947,1311,583,navy_man
7948,1311,533,black_print
7949,1311,554,OTHER
7950,1311,561,OTHER
7951,1311,591,OTHER
7952,1312,583,navy_man
7953,1312,533,black_print
7954,1312,554,OTHER
7955,1312,561,OTHER
7956,1312,591,OTHER
7957,1313,583,navy_man
7958,1313,533,black_print
7959,1313,554,OTHER
7960,1313,561,OTHER
7961,1313,591,OTHER
7962,1314,583,navy_man
7963,1314,533,black_print
7964,1314,554,OTHER
7965,1314,561,OTHER
7966,1314,591,OTHER
7967,1315,583,navy_man
7968,1315,533,black_print
7969,1315,554,OTHER
7970,1315,561,OTHER
7971,1315,591,OTHER
7972,1316,583,navy_man
7973,1316,533,black_print
7974,1316,554,OTHER
7975,1316,561,OTHER
7976,1316,591,OTHER
7977,1317,583,navy_man
7978,1317,533,black_print
7979,1317,555,OTHER
7980,1317,561,OTHER
7981,1317,591,OTHER
7982,1318,583,navy_man
7983,1318,533,black_print
7984,1318,555,OTHER
7985,1318,561,OTHER
7986,1318,591,OTHER
7987,1319,583,navy_man
7988,1319,533,black_print
7989,1319,555,OTHER
7990,1319,561,OTHER
7991,1319,591,OTHER
7992,1320,583,navy_man
7993,1320,533,black_print
7994,1320,555,OTHER
7995,1320,561,OTHER
7996,1320,591,OTHER
7997,1321,583,navy_man
7998,1321,533,black_print
7999,1321,555,OTHER
8000,1321,561,OTHER
8001,1321,591,OTHER
8002,1322,583,navy_man
8003,1322,533,black_print
8004,1322,555,OTHER
8005,1322,561,OTHER
8006,1322,591,OTHER
8007,1323,583,navy_man
8008,1323,533,black_print
8009,1323,555,OTHER
8010,1323,561,OTHER
8011,1323,591,OTHER
8012,1324,584,navy_man
8013,1324,533,black_print
8014,1324,555,OTHER
8015,1324,561,OTHER
8016,1324,591,OTHER
8017,1325,584,navy_man
8018,1325,533,black_print
8019,1325,555,OTHER
8020,1325,561,OTHER
8021,1325,591,OTHER
8022,1326,584,navy_man
8023,1326,533,black_print
8024,1326,555,OTHER
8025,1326,561,OTHER
8026,1326,591,OTHER
8027,1327,584,navy_man
8028,1327,533,black_print
8029,1327,555,OTHER
8030,1327,561,OTHER
8031,1327,591,OTHER
8032,1328,584,navy_man
8033,1328,533,black_print
8034,1328,555,OTHER
8035,1328,591,OTHER
8036,1328,561,OTHER
8037,1329,584,navy_man
8038,1329,533,black_print
8039,1329,555,OTHER
8040,1329,591,OTHER
8041,1329,561,OTHER
8042,1330,584,navy_man
8043,1330,533,black_print
8044,1330,555,OTHER
8045,1330,591,OTHER
8046,1330,561,OTHER
8047,1331,584,navy_man
8048,1331,533,black_print
8049,1331,555,OTHER
8050,1331,561,OTHER
8051,1331,591,OTHER
8052,1332,584,navy_man
8053,1332,533,black_print
8054,1332,555,OTHER
8055,1332,561,OTHER
8056,1332,591,OTHER
8057,1333,584,navy_man
8058,1333,533,black_print
8059,1333,555,OTHER
8060,1333,561,OTHER
8061,1333,591,OTHER
8062,1334,533,black_print
8063,1334,584,navy_man
8064,1334,555,OTHER
8065,1334,561,OTHER
8066,1334,591,OTHER
8067,1335,533,black_print
8068,1335,584,navy_man
8069,1335,555,OTHER
8070,1335,561,OTHER
8071,1335,591,OTHER
8072,1336,534,black_print
8073,1336,584,navy_man
8074,1336,561,OTHER
8075,1336,555,OTHER
8076,1336,591,OTHER
8077,1337,534,black_print
8078,1337,584,navy_man
8079,1337,561,OTHER
8080,1337,555,OTHER
8081,1337,591,OTHER
8082,1338,584,navy_man
8083,1338,534,black_print
8084,1338,561,OTHER
8085,1338,555,OTHER
8086,1338,591,OTHER
8087,1339,584,navy_man
8088,1339,534,black_print
8089,1339,561,OTHER
8090,1339,555,OTHER
8091,1340,584,navy_man
8092,1340,534,black_print
8093,1340,555,OTHER
8094,1340,561,OTHER
8095,1341,584,navy_man
8096,1341,534,black_print
8097,1341,555,OTHER
8098,1341,561,OTHER
8099,1342,584,navy_man
8100,1342,534,black_print
8101,1342,555,OTHER
8102,1342,561,OTHER
8103,1343,584,navy_man
8104,1343,534,black_print
8105,1343,555,OTHER
8106,1343,561,OTHER
8107,1344,584,navy_man
8108,1344,534,black_print
8109,1344,555,OTHER
8110,1344,561,OTHER
8111,1345,584,navy_man
8112,1345,534,black_print
8113,1345,555,OTHER
8114,1345,561,OTHER
8115,1346,584,navy_man
8116,1346,534,black_print
8117,1346,555,OTHER
8118,1346,561,OTHER
8119,1347,584,navy_man
8120,1347,534,black_print
8121,1347,555,OTHER
8122,1347,561,OTHER
8123,1348,584,navy_man
8124,1348,534,black_print
8125,1348,555,OTHER
8126,1348,561,OTHER
8127,1349,584,navy_man
8128,1349,534,black_print
8129,1349,555,OTHER
8130,1349,561,OTHER
8131,1350,584,navy_man
8132,1350,534,black_print
8133,1350,555,OTHER
8134,1350,561,OTHER
8135,1351,584,navy_man
8136,1351,534,black_print
8137,1351,555,OTHER
8138,1351,561,OTHER
8139,1352,584,navy_man
8140,1352,534,black_print
8141,1352,555,OTHER
8142,1352,561,OTHER
8143,1353,584,navy_man
8144,1353,534,black_print
8145,1353,555,OTHER
8146,1353,561,OTHER
8147,1354,584,navy_man
8148,1354,534,black_print
8149,1354,555,OTHER
8150,1354,561,OTHER
8151,1355,584,navy_man
8152,1355,534,black_print
8153,1355,555,OTHER
8154,1355,562,OTHER
8155,1356,584,navy_man
8156,1356,534,black_print
8157,1356,555,OTHER
8158,1356,562,OTHER
8159,1357,584,navy_man
8160,1357,534,black_print
8161,1357,555,OTHER
8162,1357,562,OTHER
8163,1358,584,navy_man
8164,1358,534,black_print
8165,1358,555,OTHER
8166,1358,562,OTHER
8167,1359,584,navy_man
8168,1359,534,black_print
8169,1359,555,OTHER
8170,1359,562,OTHER
8171,1360,584,navy_man
8172,1360,534,black_print
8173,1360,555,OTHER
8174,1360,562,OTHER
8175,1361,584,navy_man
8176,1361,534,black_print
8177,1361,555,OTHER
8178,1361,562,OTHER
8179,1362,584,navy_man
8180,1362,534,black_print
8181,1362,556,OTHER
8182,1362,562,OTHER
8183,1363,584,navy_man
8184,1363,534,black_print
8185,1363,556,OTHER
8186,1363,562,OTHER
8187,1364,584,navy_man
8188,1364,534,black_print
8189,1364,556,OTHER
8190,1364,562,OTHER
8191,1365,584,navy_man
8192,1365,534,black_print
8193,1365,556,OTHER
8194,1365,562,OTHER
8195,1366,584,navy_man
8196,1366,534,black_print
8197,1366,562,OTHER
8198,1366,556,OTHER
8199,1367,584,navy_man
8200,1367,534,black_print
8201,1367,562,OTHER
8202,1368,584,navy_man
8203,1368,534,black_print
8204,1368,562,OTHER
8205,1369,585,navy_man
8206,1369,534,black_print
8207,1369,562,OTHER
8208,1370,585,navy_man
8209,1370,534,black_print
8210,1370,562,OTHER
8211,1371,585,navy_man
8212,1371,534,black_print
8213,1371,562,OTHER
8214,1372,585,navy_man
8215,1372,534,black_print
8216,1373,585,navy_man
8217,1373,534,black_print
8218,1374,585,navy_man
8219,1374,534,black_print
8220,1375,585,navy_man
8221,1375,534,black_print
8222,1375,563,OTHER
8223,1376,585,navy_man
8224,1376,534,black_print
8225,1376,563,OTHER
8226,1377,585,navy_man
8227,1377,534,black_print
8228,1377,563,OTHER
8229,1378,585,navy_man
8230,1378,534,black_print
8231,1378,563,OTHER
8232,1379,534,black_print
8233,1379,585,navy_man
8234,1379,563,OTHER
8235,1380,534,black_print
8236,1380,585,navy_man
8237,1380,563,OTHER
8238,1381,535,black_print
8239,1381,585,navy_man
8240,1381,563,OTHER
8241,1382,535,black_print
8242,1382,585,navy_man
8243,1382,563,OTHER
8244,1383,535,black_print
8245,1383,585,navy_man
8246,1383,563,OTHER
8247,1384,535,black_print
8248,1384,585,navy_man
8249,1384,563,OTHER
8250,1385,535,black_print
8252,1385,563,OTHER
8253,1386,535,black_print
8255,1386,563,OTHER
8256,1387,535,black_print
8257,1387,563,OTHER
8259,1388,535,black_print
8260,1388,563,OTHER
8261,1389,535,black_print
8262,1389,563,OTHER
8263,1390,535,black_print
8264,1390,563,OTHER
8265,1391,535,black_print
8266,1391,563,OTHER
8267,1392,535,black_print
8268,1392,563,OTHER
8269,1393,535,black_print
8270,1393,563,OTHER
8271,1394,535,black_print
8272,1394,563,OTHER
8273,1395,535,black_print
8274,1395,563,OTHER
8275,1396,535,black_print
8276,1396,563,OTHER
8277,1397,535,black_print
8278,1397,563,OTHER
8280,1398,535,black_print
8281,1398,563,OTHER
8283,1399,535,black_print
8284,1399,563,OTHER
8286,1400,535,black_print
8287,1400,563,OTHER
8289,1401,535,black_print
8290,1401,563,OTHER
8292,1402,535,black_print
8293,1402,563,OTHER
8295,1403,535,black_print
8296,1403,563,OTHER
8297,1403,592,OTHER
8298,1404,535,black_print
8299,1404,563,OTHER
8300,1404,592,OTHER
8301,1405,535,black_print
8302,1405,592,OTHER
8303,1405,563,OTHER
8304,1406,535,black_print
8305,1406,592,OTHER
8306,1406,563,OTHER
8307,1407,535,black_print
8308,1407,592,OTHER
8309,1407,563,OTHER
8310,1408,535,black_print
8311,1408,592,OTHER
8312,1408,563,OTHER
8313,1409,535,black_print
8314,1409,592,OTHER
8315,1410,535,black_print
8316,1410,592,OTHER
8317,1410,563,OTHER
8318,1411,535,black_print
8319,1411,592,OTHER
8320,1412,535,black_print
8321,1412,592,OTHER
8322,1412,563,OTHER
8323,1413,535,black_print
8324,1413,592,OTHER
8325,1413,563,OTHER
8326,1414,535,black_print
8327,1414,592,OTHER
8328,1414,563,OTHER
8329,1415,535,black_print
8330,1415,592,OTHER
8331,1415,563,OTHER
8332,1416,535,black_print
8333,1416,592,OTHER
8334,1416,563,OTHER
8335,1417,535,black_print
8336,1417,563,OTHER
8337,1417,592,OTHER
8339,1418,535,black_print
8340,1418,563,OTHER
8341,1418,592,OTHER
8343,1419,535,black_print
8344,1419,563,OTHER
8345,1419,592,OTHER
8346,1420,535,black_print
8347,1420,563,OTHER
8348,1420,592,OTHER
8349,1421,535,black_print
8350,1421,563,OTHER
8351,1421,592,OTHER
8352,1422,535,black_print
8353,1422,564,OTHER
8354,1422,592,OTHER
8355,1423,535,black_print
8356,1423,564,OTHER
8357,1423,592,OTHER
8358,1424,535,black_print
8359,1424,564,OTHER
8360,1424,592,OTHER
8361,1425,535,black_print
8362,1425,564,OTHER
8363,1425,592,OTHER
8364,1426,536,black_print
8365,1426,564,OTHER
8366,1426,592,OTHER
8367,1427,536,black_print
8368,1427,564,OTHER
8369,1427,592,OTHER
8370,1428,536,black_print
8371,1428,564,OTHER
8372,1429,536,black_print
8373,1429,564,OTHER
8374,1429,592,OTHER
8375,1430,536,black_print
8376,1430,564,OTHER
8377,1430,592,OTHER
8378,1431,536,black_print
8379,1431,592,OTHER
8380,1432,536,black_print
8381,1432,592,OTHER
8382,1432,564,OTHER
8383,1433,536,black_print
8384,1433,592,OTHER
8385,1433,564,OTHER
8386,1434,536,black_print
8387,1434,592,OTHER
8389,1434,564,OTHER
8390,1435,536,black_print
8391,1435,595,olive_man
8392,1435,592,OTHER
8393,1435,564,OTHER
8394,1436,536,black_print
8395,1436,595,olive_man
8396,1436,592,OTHER
8397,1437,536,black_print
8398,1437,595,olive_man
8399,1437,592,OTHER
8400,1438,536,black_print
8401,1438,595,olive_man
8402,1438,592,OTHER
8403,1439,536,black_print
8404,1439,595,olive_man
8405,1439,592,OTHER
8407,1440,536,black_print
8408,1440,595,olive_man
8409,1440,592,OTHER
8410,1441,595,olive_man
8411,1441,536,black_print
8412,1441,592,OTHER
8413,1442,595,olive_man
8414,1442,536,black_print
8415,1443,595,olive_man
8416,1443,536,black_print
8417,1444,595,olive_man
8418,1444,536,black_print
8419,1444,566,OTHER
8420,1445,595,olive_man
8421,1445,536,black_print
8422,1445,566,OTHER
8424,1446,595,olive_man
8425,1446,536,black_print
8426,1446,566,OTHER
8431,1447,566,OTHER
8436,1448,566,OTHER
8440,1449,566,OTHER
8444,1450,566,OTHER
8448,1451,566,OTHER
8449,1451,594,OTHER
8453,1452,566,OTHER
8454,1452,594,OTHER
8458,1453,566,OTHER
8459,1453,594,OTHER
8463,1454,566,OTHER
8464,1454,594,OTHER
8467,1455,566,OTHER
8469,1455,594,OTHER
8471,1456,599,olive_man
8472,1456,566,OTHER
8473,1456,594,OTHER
8474,1457,599,olive_man
8475,1457,566,OTHER
8476,1457,594,OTHER
8477,1458,599,olive_man
8478,1458,566,OTHER
8479,1458,594,OTHER
8481,1459,599,olive_man
8482,1459,566,OTHER
8483,1459,594,OTHER
8484,1460,599,olive_man
8485,1460,566,OTHER
8486,1460,594,OTHER
8487,1461,600,olive_man
8488,1461,566,OTHER
8489,1461,594,OTHER
8491,1462,600,olive_man
8492,1462,603,AMBIG
8493,1462,566,OTHER
8494,1462,594,OTHER
8495,1463,600,olive_man
8496,1463,603,AMBIG
8497,1463,566,OTHER
8498,1463,594,OTHER
8499,1464,600,olive_man
8500,1464,603,AMBIG
8501,1464,566,OTHER
8502,1464,594,OTHER
8503,1465,600,olive_man
8504,1465,603,AMBIG
8505,1465,566,OTHER
8506,1465,594,OTHER
8510,1466,566,OTHER
8511,1466,594,OTHER
8512,1466,603,AMBIG
8515,1467,594,OTHER
8516,1467,566,OTHER
8519,1468,594,OTHER
8520,1468,566,OTHER
8523,1469,594,OTHER
8524,1469,566,OTHER
8527,1470,566,OTHER
8528,1470,594,OTHER
8530,1471,594,OTHER
8531,1471,566,OTHER
8533,1472,607,tank
8534,1472,594,OTHER
8535,1472,566,OTHER
8536,1473,607,tank
8537,1473,594,OTHER
8538,1473,566,OTHER
8539,1474,607,tank
8540,1474,594,OTHER
8541,1474,566,OTHER
8542,1475,607,tank
8543,1475,594,OTHER
8544,1475,566,OTHER
8545,1476,608,tank
8546,1476,566,OTHER
8547,1476,594,OTHER
8550,1477,608,tank
8551,1477,594,OTHER
8552,1477,566,OTHER
8553,1477,621,AMBIG
8555,1478,608,tank
8556,1478,627,olive_man
8557,1478,594,OTHER
8558,1478,566,OTHER
8559,1478,621,AMBIG
8560,1479,608,tank
8561,1479,566,OTHER
8562,1479,621,AMBIG
8563,1479,594,OTHER
8564,1479,627,olive_man
8565,1480,608,tank
8566,1480,627,olive_man
8567,1480,566,OTHER
8568,1480,594,OTHER
8569,1480,621,AMBIG
8570,1481,608,tank
8571,1481,627,olive_man
8572,1481,566,OTHER
8573,1481,594,OTHER
8574,1481,621,AMBIG
8575,1482,609,tank
8576,1482,627,olive_man
8577,1482,621,AMBIG
8578,1482,566,OTHER
8579,1482,594,OTHER
8581,1483,609,tank
8582,1483,621,AMBIG
8583,1483,627,olive_man
8584,1483,566,OTHER
8585,1483,594,OTHER
8586,1484,609,tank
8587,1484,621,AMBIG
8588,1484,566,OTHER
8589,1484,594,OTHER
8590,1484,627,olive_man
8591,1485,609,tank
8592,1485,622,AMBIG
8593,1485,566,OTHER
8594,1485,594,OTHER
8595,1486,609,tank
8596,1486,622,AMBIG
8597,1486,566,OTHER
8598,1486,594,OTHER
8599,1487,609,tank
8600,1487,622,AMBIG
8601,1487,566,OTHER
8602,1487,594,OTHER
8603,1488,609,tank
8604,1488,622,AMBIG
8605,1488,566,OTHER
8606,1488,594,OTHER
8607,1489,609,tank
8608,1489,622,AMBIG
8609,1489,567,OTHER
8610,1489,594,OTHER
8611,1490,609,tank
8612,1490,628,AMBIG
8613,1490,567,OTHER
8614,1490,623,AMBIG
8615,1490,594,OTHER
8616,1491,609,tank
8617,1491,628,AMBIG
8618,1491,623,AMBIG
8619,1491,567,OTHER
8620,1491,594,OTHER
8621,1492,609,tank
8622,1492,628,AMBIG
8623,1492,623,AMBIG
8624,1492,567,OTHER
8625,1492,594,OTHER
8626,1493,609,tank
8627,1493,628,AMBIG
8628,1493,623,AMBIG
8629,1493,567,OTHER
8630,1494,609,tank
8633,1494,567,OTHER
8634,1495,609,tank
8637,1495,567,OTHER
8638,1496,609,tank
8639,1496,631,black_khaki_man
8640,1496,626,AMBIG
8641,1496,567,OTHER
8642,1497,609,tank
8643,1497,631,black_khaki_man
8644,1497,626,AMBIG
8645,1497,567,OTHER
8646,1498,609,tank
8647,1498,631,black_khaki_man
8648,1498,567,OTHER
8649,1498,626,AMBIG
8650,1499,609,tank
8651,1499,631,black_khaki_man
8652,1499,567,OTHER
8653,1499,626,AMBIG
8654,1500,609,tank
8655,1500,631,black_khaki_man
8656,1500,567,OTHER
8657,1500,626,AMBIG
8658,1501,609,tank
8659,1501,631,black_khaki_man
8660,1501,567,OTHER
8661,1501,626,AMBIG
8662,1502,609,tank
8663,1502,631,black_khaki_man
8664,1502,567,OTHER
8665,1503,609,tank
8666,1503,631,black_khaki_man
8667,1503,567,OTHER
8668,1504,609,tank
8669,1504,631,black_khaki_man
8670,1504,567,OTHER
8671,1505,609,tank
8672,1505,631,black_khaki_man
8673,1505,567,OTHER
8675,1506,609,tank
8676,1506,631,black_khaki_man
8677,1506,640,OTHER
8678,1506,567,OTHER
8679,1507,609,tank
8680,1507,631,black_khaki_man
8681,1507,640,OTHER
8682,1507,567,OTHER
8683,1507,641,AMBIG
8684,1508,609,tank
8685,1508,631,black_khaki_man
8686,1508,567,OTHER
8687,1508,641,AMBIG
8688,1508,640,OTHER
8689,1509,609,tank
8690,1509,631,black_khaki_man
8691,1509,567,OTHER
8692,1509,640,OTHER
8693,1509,641,AMBIG
8694,1510,609,tank
8695,1510,631,black_khaki_man
8696,1510,640,OTHER
8697,1510,641,AMBIG
8698,1510,567,OTHER
8699,1511,609,tank
8700,1511,631,black_khaki_man
8701,1511,640,OTHER
8702,1511,641,AMBIG
8703,1511,567,OTHER
8704,1512,609,tank
8705,1512,631,black_khaki_man
8706,1512,641,AMBIG
8707,1512,640,OTHER
8708,1512,567,OTHER
8709,1513,609,tank
8710,1513,631,black_khaki_man
8711,1513,641,AMBIG
8712,1513,640,OTHER
8713,1513,567,OTHER
8714,1514,609,tank
8715,1514,631,black_khaki_man
8716,1514,641,AMBIG
8717,1514,640,OTHER
8718,1514,567,OTHER
8719,1515,631,black_khaki_man
8720,1515,609,tank
8721,1515,641,AMBIG
8722,1515,640,OTHER
8723,1515,567,OTHER
8724,1516,631,black_khaki_man
8725,1516,609,tank
8726,1516,641,AMBIG
8727,1516,640,OTHER
8728,1516,567,OTHER
8729,1517,631,black_khaki_man
8730,1517,609,tank
8731,1517,641,AMBIG
8732,1517,640,OTHER
8733,1517,567,OTHER
8734,1518,631,black_khaki_man
8735,1518,609,tank
8736,1518,641,AMBIG
8737,1518,640,OTHER
8738,1518,567,OTHER
8739,1519,631,black_khaki_man
8740,1519,609,tank
8741,1519,641,AMBIG
8742,1519,640,OTHER
8743,1519,567,OTHER
8744,1520,631,black_khaki_man
8745,1520,609,tank
8746,1520,641,AMBIG
8747,1520,567,OTHER
8748,1520,640,OTHER
8749,1521,631,black_khaki_man
8750,1521,609,tank
8751,1521,641,AMBIG
8752,1521,567,OTHER
8753,1521,640,OTHER
8754,1522,631,black_khaki_man
8755,1522,609,tank
8756,1522,640,OTHER
8757,1522,641,AMBIG
8758,1522,567,OTHER
8760,1523,609,tank
8761,1523,631,black_khaki_man
8762,1523,641,AMBIG
8763,1523,642,AMBIG
8764,1523,640,OTHER
8765,1523,567,OTHER
8766,1524,609,tank
8767,1524,631,black_khaki_man
8768,1524,642,AMBIG
8769,1524,641,AMBIG
8770,1524,567,OTHER
8771,1524,640,OTHER
8772,1525,609,tank
8773,1525,631,black_khaki_man
8774,1525,641,AMBIG
8775,1525,640,OTHER
8776,1525,642,AMBIG
8777,1525,567,OTHER
8778,1526,609,tank
8779,1526,631,black_khaki_man
8780,1526,642,AMBIG
8781,1526,640,OTHER
8782,1526,641,AMBIG
8783,1526,567,OTHER
8784,1527,610,tank
8785,1527,631,black_khaki_man
8786,1527,642,AMBIG
8787,1527,640,OTHER
8788,1527,641,AMBIG
8789,1527,567,OTHER
8790,1528,610,tank
8791,1528,631,black_khaki_man
8792,1528,642,AMBIG
8793,1528,567,OTHER
8794,1528,641,AMBIG
8795,1528,640,OTHER
8796,1529,610,tank
8797,1529,631,black_khaki_man
8798,1529,642,AMBIG
8799,1529,567,OTHER
8801,1530,610,tank
8802,1530,631,black_khaki_man
8803,1530,642,AMBIG
8804,1530,567,OTHER
8805,1530,640,OTHER
8807,1531,610,tank
8808,1531,631,black_khaki_man
8809,1531,642,AMBIG
8810,1531,640,OTHER
8811,1531,567,OTHER
8812,1532,610,tank
8813,1532,631,black_khaki_man
8814,1532,642,AMBIG
8815,1532,640,OTHER
8816,1532,567,OTHER
8817,1533,610,tank
8818,1533,631,black_khaki_man
8819,1533,642,AMBIG
8820,1533,640,OTHER
8821,1534,610,tank
8822,1534,631,black_khaki_man
8824,1534,640,OTHER
8825,1534,567,OTHER
8827,1535,631,black_khaki_man
8828,1535,610,tank
8829,1535,644,navy_man
8831,1535,640,OTHER
8832,1536,610,tank
8833,1536,631,black_khaki_man
8834,1536,644,navy_man
8835,1536,640,OTHER
8837,1537,610,tank
8838,1537,631,black_khaki_man
8839,1537,644,navy_man
8840,1537,640,OTHER
8841,1538,610,tank
8842,1538,631,black_khaki_man
8843,1538,644,navy_man
8844,1538,640,OTHER
8845,1539,631,black_khaki_man
8846,1539,610,tank
8847,1539,644,navy_man
8848,1540,644,navy_man
8849,1540,610,tank
8850,1540,631,black_khaki_man
8851,1541,644,navy_man
8852,1541,632,black_khaki_man
8853,1541,610,tank
8854,1541,568,OTHER
8855,1542,644,navy_man
8856,1542,632,black_khaki_man
8857,1542,610,tank
8858,1542,568,OTHER
8859,1543,644,navy_man
8860,1543,632,black_khaki_man
8861,1543,610,tank
8862,1543,568,OTHER
8863,1544,632,black_khaki_man
8864,1544,645,navy_man
8865,1544,610,tank
8866,1544,568,OTHER
8868,1545,632,black_khaki_man
8869,1545,645,navy_man
8870,1545,610,tank
8873,1545,568,OTHER
8874,1546,632,black_khaki_man
8875,1546,645,navy_man
8876,1546,610,tank
8879,1546,568,OTHER
8880,1547,645,navy_man
8881,1547,633,black_khaki_man
8882,1547,611,tank
8883,1547,655,red_shorts
8885,1547,568,OTHER
8886,1548,645,navy_man
8887,1548,611,tank
8888,1548,633,black_khaki_man
8889,1548,655,red_shorts
8890,1548,660,AMBIG
8891,1548,568,OTHER
8892,1549,645,navy_man
8893,1549,611,tank
8894,1549,633,black_khaki_man
8895,1549,655,red_shorts
8896,1549,660,AMBIG
8897,1549,568,OTHER
8898,1550,645,navy_man
8899,1550,611,tank
8900,1550,633,black_khaki_man
8901,1550,655,red_shorts
8902,1550,660,AMBIG
8903,1550,568,OTHER
8904,1551,645,navy_man
8905,1551,611,tank
8906,1551,633,black_khaki_man
8907,1551,655,red_shorts
8908,1551,568,OTHER
8909,1551,660,AMBIG
8910,1552,645,navy_man
8913,1552,655,red_shorts
8914,1552,568,OTHER
8915,1552,660,AMBIG
8916,1553,645,navy_man
8917,1553,613,tank
8918,1553,635,black_khaki_man
8919,1553,655,red_shorts
8920,1553,660,AMBIG
8921,1553,568,OTHER
8922,1554,645,navy_man
8923,1554,613,tank
8924,1554,635,black_khaki_man
8925,1554,655,red_shorts
8927,1554,568,OTHER
8928,1554,660,AMBIG
8929,1555,645,navy_man
8930,1555,613,tank
8931,1555,635,black_khaki_man
8933,1555,568,OTHER
8936,1556,613,tank
8937,1556,635,black_khaki_man
8939,1556,568,OTHER
8941,1557,613,tank
8942,1557,635,black_khaki_man
8944,1557,568,OTHER
8947,1558,635,black_khaki_man
8948,1558,613,tank
8949,1558,568,OTHER
8950,1559,648,navy_man
8951,1559,658,red_shorts
8952,1559,635,black_khaki_man
8953,1559,613,tank
8954,1559,568,OTHER
8955,1560,648,navy_man
8956,1560,658,red_shorts
8957,1560,613,tank
8958,1560,635,black_khaki_man
8959,1560,568,OTHER
8960,1561,648,navy_man
8961,1561,658,red_shorts
8962,1561,635,black_khaki_man
8963,1561,613,tank
8964,1561,568,OTHER
8965,1562,648,navy_man
8966,1562,658,red_shorts
8967,1562,613,tank
8968,1562,635,black_khaki_man
8969,1562,568,OTHER
8970,1563,648,navy_man
8971,1563,658,red_shorts
8972,1563,613,tank
8973,1563,635,black_khaki_man
8974,1563,568,OTHER
8975,1564,648,navy_man
8976,1564,658,red_shorts
8977,1564,613,tank
8978,1564,635,black_khaki_man
8979,1564,568,OTHER
8980,1565,648,navy_man
8981,1565,658,red_shorts
8982,1565,613,tank
8983,1565,635,black_khaki_man
8984,1565,568,OTHER
8986,1566,658,red_shorts
8987,1566,648,navy_man
8988,1566,568,OTHER
8989,1567,658,red_shorts
8990,1567,648,navy_man
8992,1567,568,OTHER
8993,1568,658,red_shorts
8996,1568,568,OTHER
8997,1569,658,red_shorts
9000,1569,568,OTHER
9001,1570,658,red_shorts
9004,1570,568,OTHER
9005,1571,658,red_shorts
9007,1571,617,tank
9008,1571,568,OTHER
9010,1572,658,red_shorts
9011,1572,617,tank
9013,1573,652,navy_man
9014,1573,658,red_shorts
9015,1573,617,tank
9017,1573,568,OTHER
9018,1573,636,black_khaki_man
9019,1574,652,navy_man
9020,1574,658,red_shorts
9021,1574,617,tank
9023,1574,568,OTHER
9024,1575,652,navy_man
9025,1575,658,red_shorts
9026,1575,617,tank
9027,1575,568,OTHER
9030,1575,636,black_khaki_man
9031,1576,652,navy_man
9032,1576,658,red_shorts
9033,1576,617,tank
9034,1576,661,OTHER
9035,1576,636,black_khaki_man
9036,1576,568,OTHER
9039,1577,652,navy_man
9040,1577,658,red_shorts
9041,1577,617,tank
9042,1577,661,OTHER
9043,1577,636,black_khaki_man
9044,1577,568,OTHER
9045,1578,652,navy_man
9046,1578,658,red_shorts
9047,1578,617,tank
9048,1578,661,OTHER
9049,1578,636,black_khaki_man
9050,1578,568,OTHER
9051,1579,652,navy_man
9052,1579,658,red_shorts
9053,1579,617,tank
9054,1579,661,OTHER
9055,1579,636,black_khaki_man
9056,1579,568,OTHER
9057,1580,652,navy_man
9058,1580,658,red_shorts
9059,1580,617,tank
9060,1580,661,OTHER
9061,1580,636,black_khaki_man
9062,1580,568,OTHER
9063,1581,652,navy_man
9064,1581,617,tank
9065,1581,658,red_shorts
9066,1581,636,black_khaki_man
9067,1581,661,OTHER
9068,1581,568,OTHER
9069,1582,653,navy_man
9070,1582,659,red_shorts
9071,1582,617,tank
9072,1582,636,black_khaki_man
9073,1582,568,OTHER
9074,1582,661,OTHER
9075,1583,653,navy_man
9076,1583,617,tank
9077,1583,659,red_shorts
9078,1583,636,black_khaki_man
9079,1583,568,OTHER
9080,1583,661,OTHER
9081,1584,653,navy_man
9082,1584,617,tank
9083,1584,659,red_shorts
9084,1584,636,black_khaki_man
9085,1584,568,OTHER
9086,1584,661,OTHER
9087,1585,653,navy_man
9088,1585,617,tank
9089,1585,659,red_shorts
9090,1585,568,OTHER
9091,1585,636,black_khaki_man
9092,1585,661,OTHER
9093,1586,653,navy_man
9094,1586,617,tank
9095,1586,659,red_shorts
9096,1586,636,black_khaki_man
9097,1586,568,OTHER
9098,1586,661,OTHER
9099,1587,653,navy_man
9100,1587,617,tank
9101,1587,659,red_shorts
9102,1587,636,black_khaki_man
9103,1587,569,OTHER
9104,1587,661,OTHER
9105,1588,653,navy_man
9106,1588,617,tank
9107,1588,659,red_shorts
9108,1588,636,black_khaki_man
9109,1588,569,OTHER
9110,1588,661,OTHER
9111,1589,653,navy_man
9112,1589,617,tank
9113,1589,659,red_shorts
9114,1589,636,black_khaki_man
9115,1589,569,OTHER
9116,1589,661,OTHER
9117,1590,653,navy_man
9118,1590,617,tank
9119,1590,659,red_shorts
9120,1590,636,black_khaki_man
9121,1590,569,OTHER
9122,1590,661,OTHER
9123,1591,653,navy_man
9125,1591,659,red_shorts
9127,1591,569,OTHER
9128,1591,661,OTHER
9129,1592,653,navy_man
9131,1592,659,red_shorts
9133,1592,569,OTHER
9134,1592,661,OTHER
9135,1593,653,navy_man
9136,1593,620,tank
9137,1593,659,red_shorts
9138,1593,639,black_khaki_man
9139,1593,569,OTHER
9140,1593,661,OTHER
9141,1594,653,navy_man
9142,1594,620,tank
9143,1594,659,red_shorts
9144,1594,639,black_khaki_man
9145,1594,569,OTHER
9146,1594,661,OTHER
9147,1595,653,navy_man
9148,1595,620,tank
9149,1595,659,red_shorts
9150,1595,639,black_khaki_man
9151,1595,569,OTHER
9152,1595,661,OTHER
9153,1596,620,tank
9154,1596,653,navy_man
9155,1596,659,red_shorts
9156,1596,639,black_khaki_man
9157,1596,569,OTHER
9158,1596,661,OTHER
9159,1597,620,tank
9160,1597,653,navy_man
9161,1597,659,red_shorts
9162,1597,639,black_khaki_man
9163,1597,569,OTHER
9164,1597,661,OTHER
9165,1598,620,tank
9166,1598,653,navy_man
9167,1598,659,red_shorts
9168,1598,639,black_khaki_man
9169,1598,569,OTHER
9170,1598,661,OTHER
9171,1599,620,tank
9172,1599,653,navy_man
9173,1599,659,red_shorts
9174,1599,639,black_khaki_man
9175,1599,569,OTHER
9176,1599,661,OTHER
9177,1600,620,tank
9178,1600,653,navy_man
9179,1600,639,black_khaki_man
9180,1600,659,red_shorts
9181,1600,569,OTHER
9182,1600,661,OTHER
9183,1601,620,tank
9184,1601,653,navy_man
9185,1601,639,black_khaki_man
9186,1601,659,red_shorts
9187,1601,569,OTHER
9188,1601,661,OTHER
9189,1602,620,tank
9190,1602,653,navy_man
9191,1602,639,black_khaki_man
9192,1602,659,red_shorts
9193,1602,569,OTHER
9194,1602,661,OTHER
9195,1603,620,tank
9196,1603,653,navy_man
9197,1603,639,black_khaki_man
9198,1603,659,red_shorts
9199,1603,569,OTHER
9200,1604,620,tank
9201,1604,653,navy_man
9202,1604,639,black_khaki_man
9203,1604,659,red_shorts
9204,1604,569,OTHER
9205,1605,620,tank
9206,1605,653,navy_man
9207,1605,639,black_khaki_man
9208,1605,659,red_shorts
9209,1605,569,OTHER
9210,1606,620,tank
9211,1606,653,navy_man
9212,1606,639,black_khaki_man
9213,1606,659,red_shorts
9214,1606,569,OTHER
9215,1607,620,tank
9216,1607,653,navy_man
9217,1607,639,black_khaki_man
9218,1607,659,red_shorts
9219,1607,569,OTHER
9220,1607,662,OTHER
9221,1608,620,tank
9222,1608,653,navy_man
9223,1608,639,black_khaki_man
9224,1608,659,red_shorts
9225,1608,662,OTHER
9226,1608,569,OTHER
9227,1609,620,tank
9228,1609,653,navy_man
9229,1609,639,black_khaki_man
9230,1609,659,red_shorts
9231,1609,662,OTHER
9232,1609,569,OTHER
9233,1610,620,tank
9234,1610,653,navy_man
9235,1610,639,black_khaki_man
9236,1610,659,red_shorts
9237,1610,662,OTHER
9238,1610,569,OTHER
9239,1611,620,tank
9240,1611,653,navy_man
9241,1611,639,black_khaki_man
9242,1611,659,red_shorts
9243,1611,662,OTHER
9244,1611,569,OTHER
9245,1612,653,navy_man
9246,1612,620,tank
9247,1612,639,black_khaki_man
9248,1612,659,red_shorts
9249,1612,662,OTHER
9250,1612,569,OTHER
9251,1613,654,navy_man
9252,1613,620,tank
9253,1613,639,black_khaki_man
9254,1613,662,OTHER
9255,1613,569,OTHER
9256,1614,654,navy_man
9257,1614,620,tank
9258,1614,639,black_khaki_man
9259,1614,662,OTHER
9260,1615,654,navy_man
9261,1615,620,tank
9262,1615,639,black_khaki_man
9263,1615,662,OTHER
9264,1616,654,navy_man
9265,1616,620,tank
9266,1616,639,black_khaki_man
9267,1616,569,OTHER
9268,1617,654,navy_man
9269,1617,620,tank
9270,1617,639,black_khaki_man
9271,1617,569,OTHER
9272,1618,654,navy_man
9273,1618,620,tank
9274,1618,639,black_khaki_man
9275,1618,569,OTHER
9276,1619,654,navy_man
9277,1619,620,tank
9278,1619,639,black_khaki_man
9279,1619,663,OTHER
9280,1620,654,navy_man
9281,1620,620,tank
9282,1620,639,black_khaki_man
9283,1620,663,OTHER
9284,1621,654,navy_man
9285,1621,620,tank
9286,1621,639,black_khaki_man
9287,1621,663,OTHER
9288,1621,569,OTHER
9289,1622,654,navy_man
9290,1622,620,tank
9291,1622,639,black_khaki_man
9292,1622,569,OTHER
9293,1623,654,navy_man
9294,1623,620,tank
9295,1623,639,black_khaki_man
9296,1623,569,OTHER
9297,1623,663,OTHER
9298,1624,654,navy_man
9299,1624,620,tank
9300,1624,639,black_khaki_man
9301,1624,569,OTHER
9302,1625,654,navy_man
9303,1625,620,tank
9304,1625,639,black_khaki_man
9305,1625,569,OTHER
9306,1626,654,navy_man
9307,1626,620,tank
9308,1626,639,black_khaki_man
9309,1626,569,OTHER
9310,1627,654,navy_man
9311,1627,620,tank
9312,1627,639,black_khaki_man
9313,1627,569,OTHER
9314,1628,654,navy_man
9315,1628,620,tank
9316,1628,639,black_khaki_man
9317,1628,569,OTHER
9318,1629,654,navy_man
9319,1629,620,tank
9320,1629,639,black_khaki_man
9321,1629,569,OTHER
9322,1630,654,navy_man
9323,1630,620,tank
9324,1630,639,black_khaki_man
9325,1630,569,OTHER
9326,1631,654,navy_man
9327,1631,620,tank
9328,1631,639,black_khaki_man
9329,1631,569,OTHER
9330,1632,620,tank
9331,1632,654,navy_man
9332,1632,639,black_khaki_man
9333,1632,569,OTHER
9335,1633,620,tank
9336,1633,654,navy_man
9337,1633,639,black_khaki_man
9338,1633,569,OTHER
9340,1634,620,tank
9341,1634,654,navy_man
9342,1634,639,black_khaki_man
9343,1634,569,OTHER
9344,1635,620,tank
9345,1635,654,navy_man
9346,1635,639,black_khaki_man
9347,1635,569,OTHER
9348,1636,620,tank
9349,1636,654,navy_man
9350,1636,639,black_khaki_man
9352,1637,620,tank
9353,1637,654,navy_man
9354,1637,639,black_khaki_man
